"","c.zips1..zips11."
"1","15834"
"2","04103"
"3","01968"
"4","06895"
"5","01983"
"6","15890"
"7","14822"
"8","14467"
"9","16818"
"10","14471"
"11","39218"
"12","10365"
"13","14806"
"14","39291"
"15","14979"
"16","01558"
"17","39596"
"18","04425"
"19","04928"
"20","16359"
"21","16775"
"22","17309"
"23","17309"
"24","06862"
"25","01945"
"26","16766"
"27","16909"
"28","14913"
"29","15806"
"30","10243"
"31","17235"
"32","14827"
"33","14471"
"34","14542"
"35","14552"
"36","23996"
"37","03099"
"38","03099"
"39","17489"
"40","15295"
"41","01609"
"42","06869"
"43","15898"
"44","16816"
"45","15537"
"46","06917"
"47","16278"
"48","39307"
"49","15517"
"50","03053"
"51","39615"
"52","04347"
"53","04349"
"54","70-470"
"55","15234"
"56","14822"
"57","16230"
"58","16306"
"59","15898"
"60","14974"
"61","15757"
"62","03103"
"63","03172"
"64","15926"
"65","04860"
"66","16909"
"67","06842"
"68","01640"
"69","03050"
"70","03253"
"71","15230"
"72","03149"
"73","03238"
"74","15295"
"75","14612"
"76","06895"
"77","16515"
"78","71-017"
"79","15518"
"80","14548"
"81","17489"
"82","14612"
"83","16775"
"84","04425"
"85","16307"
"86","15806"
"87","03116"
"88","16230"
"89","14776"
"90","03205"
"91","04895"
"92","04910"
"93","12529"
"94","15295"
"95","39326"
"96","15910"
"97","03229"
"98","04886"
"99","39517"
"100","03185"
"101","04916"
"102","01990"
"103","39606"
"104","13059"
"105","06917"
"106","15827"
"107","14827"
"108","16230"
"109","02977"
"110","16816"
"111","01996"
"112","17309"
"113","15537"
"114","14656"
"115","16321"
"116","03238"
"117","14612"
"118","16359"
"119","16727"
"120","17291"
"121","14913"
"122","39175"
"123","12439"
"124","14476"
"125","04838"
"126","14547"
"127","15910"
"128","39517"
"129","16818"
"130","04924"
"131","15837"
"132","16727"
"133","16727"
"134","16909"
"135","03226"
"136","06917"
"137","15757"
"138","14943"
"139","39264"
"140","18273"
"141","39317"
"142","17390"
"143","16775"
"144","15827"
"145","16306"
"146","15926"
"147","16540"
"148","14822"
"149","06868"
"150","04838"
"151","Postcode Not Found"
"152","04862"
"153","04932"
"154","14774"
"155","01067"
"156","14612"
"157","03253"
"158","15741"
"159","04924"
"160","06895"
"161","03197"
"162","03197"
"163","15236"
"164","03172"
"165","16928"
"166","18273"
"167","01561"
"168","17291"
"169","14471"
"170","06886"
"171","15898"
"172","39175"
"173","17389"
"174","39326"
"175","16278"
"176","06925"
"177","18519"
"178","17495"
"179","39615"
"180","15806"
"181","17291"
"182","16798"
"183","15295"
"184","15518"
"185","03042"
"186","14548"
"187","16909"
"188","19322"
"189","19322"
"190","15711"
"191","06895"
"192","16928"
"193","14959"
"194","39288"
"195","06895"
"196","16547"
"197","02991"
"198","14913"
"199","16303"
"200","02977"
"201","16303"
"202","01987"
"203","04838"
"204","16225"
"205","04910"
"206","14789"
"207","14550"
"208","17495"
"209","01561"
"210","14959"
"211","15236"
"212","16278"
"213","06869"
"214","10623"
"215","13597"
"216","14109"
"217","10627"
"218","01979"
"219","04934"
"220","01067"
"221","01097"
"222","18519"
"223","15806"
"224","14482"
"225","17398"
"226","16306"
"227","19348"
"228","03185"
"229","14552"
"230","06862"
"231","14641"
"232","03205"
"233","39596"
"234","14550"
"235","15938"
"236","39326"
"237","14947"
"238","15711"
"239","06886"
"240","15746"
"241","14554"
"242","02906"
"243","04838"
"244","16306"
"245","04895"
"246","14478"
"247","01561"
"248","39106"
"249","39104"
"250","06886"
"251","03222"
"252","39326"
"253","16775"
"254","14913"
"255","01968"
"256","03116"
"257","17379"
"258","04916"
"259","15537"
"260","16515"
"261","16761"
"262","14548"
"263","14476"
"264","14641"
"265","03099"
"266","16727"
"267","01983"
"268","15907"
"269","16775"
"270","14974"
"271","39576"
"272","39576"
"273","14558"
"274","06886"
"275","18437"
"276","06886"
"277","39126"
"278","16909"
"279","15938"
"280","04938"
"281","03229"
"282","14624"
"283","10553"
"284","10553"
"285","10553"
"286","10553"
"287","10553"
"288","10557"
"289","10557"
"290","10557"
"291","10551"
"292","10551"
"293","10551"
"294","13353"
"295","10551"
"296","13353"
"297","10557"
"298","10557"
"299","10551"
"300","10557"
"301","10557"
"302","10557"
"303","10557"
"304","10551"
"305","10557"
"306","10557"
"307","10623"
"308","10551"
"309","10551"
"310","10551"
"311","10551"
"312","10551"
"313","10551"
"314","10551"
"315","10557"
"316","10551"
"317","10557"
"318","10551"
"319","10557"
"320","10557"
"321","10557"
"322","10557"
"323","10557"
"324","10557"
"325","10117"
"326","10117"
"327","10787"
"328","10625"
"329","10787"
"330","10787"
"331","10787"
"332","10117"
"333","10787"
"334","10787"
"335","10785"
"336","10117"
"337","10117"
"338","10117"
"339","10117"
"340","10117"
"341","10117"
"342","13359"
"343","13409"
"344","13359"
"345","13409"
"346","13359"
"347","13359"
"348","10437"
"349","10115"
"350","10437"
"351","13355"
"352","10115"
"353","10437"
"354","13355"
"355","10115"
"356","13355"
"357","10437"
"358","10437"
"359","13355"
"360","13357"
"361","10439"
"362","13355"
"363","13357"
"364","10557"
"365","13347"
"366","13347"
"367","13347"
"368","13347"
"369","13347"
"370","13353"
"371","13353"
"372","13347"
"373","13353"
"374","13353"
"375","13353"
"376","13353"
"377","13353"
"378","13353"
"379","13353"
"380","13353"
"381","13347"
"382","13409"
"383","13359"
"384","13359"
"385","13359"
"386","13347"
"387","13347"
"388","13359"
"389","13409"
"390","13353"
"391","13353"
"392","13351"
"393","13405"
"394","13351"
"395","13351"
"396","13351"
"397","13351"
"398","13407"
"399","13351"
"400","13405"
"401","13351"
"402","13347"
"403","13407"
"404","13409"
"405","13347"
"406","13347"
"407","10117"
"408","10117"
"409","10969"
"410","10117"
"411","10117"
"412","10969"
"413","10969"
"414","10117"
"415","10117"
"416","10969"
"417","10179"
"418","10969"
"419","10969"
"420","10179"
"421","10997"
"422","10179"
"423","10179"
"424","10997"
"425","10997"
"426","10997"
"427","10245"
"428","10997"
"429","10997"
"430","10997"
"431","10997"
"432","10997"
"433","10997"
"434","10997"
"435","10997"
"436","10997"
"437","10245"
"438","10997"
"439","10245"
"440","10997"
"441","10997"
"442","10245"
"443","10997"
"444","10961"
"445","10969"
"446","10961"
"447","10961"
"448","10961"
"449","10969"
"450","10969"
"451","10997"
"452","10961"
"453","10969"
"454","10969"
"455","12047"
"456","10961"
"457","12047"
"458","10969"
"459","10997"
"460","10969"
"461","10969"
"462","10961"
"463","10117"
"464","10969"
"465","10969"
"466","10961"
"467","12101"
"468","10961"
"469","10961"
"470","10961"
"471","13627"
"472","13627"
"473","13627"
"474","13405"
"475","13627"
"476","13627"
"477","13627"
"478","13627"
"479","13627"
"480","10553"
"481","13353"
"482","13405"
"483","13627"
"484","13627"
"485","10553"
"486","13627"
"487","13627"
"488","10553"
"489","10589"
"490","13627"
"491","10553"
"492","14059"
"493","13629"
"494","14050"
"495","13599"
"496","14059"
"497","14059"
"498","14059"
"499","13627"
"500","14059"
"501","14059"
"502","13627"
"503","13627"
"504","10589"
"505","14059"
"506","14059"
"507","10553"
"508","10625"
"509","10625"
"510","10551"
"511","10553"
"512","10627"
"513","14059"
"514","10627"
"515","10627"
"516","10627"
"517","10627"
"518","10627"
"519","10627"
"520","10627"
"521","10627"
"522","10627"
"523","10625"
"524","10625"
"525","10627"
"526","10625"
"527","10625"
"528","10625"
"529","10625"
"530","10623"
"531","10787"
"532","10623"
"533","10787"
"534","10625"
"535","10787"
"536","10625"
"537","10629"
"538","10625"
"539","10629"
"540","10625"
"541","10629"
"542","10629"
"543","10627"
"544","14055"
"545","10627"
"546","14055"
"547","10627"
"548","10627"
"549","10627"
"550","10627"
"551","10625"
"552","10625"
"553","10625"
"554","10627"
"555","10625"
"556","10625"
"557","14055"
"558","14055"
"559","14055"
"560","13595"
"561","14193"
"562","13599"
"563","14050"
"564","14053"
"565","14050"
"566","14050"
"567","13599"
"568","14055"
"569","14055"
"570","14055"
"571","14055"
"572","14055"
"573","14055"
"574","14055"
"575","14193"
"576","14055"
"577","14055"
"578","14055"
"579","14052"
"580","14050"
"581","14055"
"582","14052"
"583","14055"
"584","14055"
"585","14050"
"586","14050"
"587","14055"
"588","14055"
"589","14055"
"590","14055"
"591","14059"
"592","14059"
"593","14055"
"594","14055"
"595","13587"
"596","13587"
"597","13585"
"598","13585"
"599","13587"
"600","13587"
"601","13587"
"602","13587"
"603","13585"
"604","13585"
"605","13587"
"606","13587"
"607","13599"
"608","13599"
"609","13587"
"610","13587"
"611","13587"
"612","13599"
"613","13599"
"614","13587"
"615","13587"
"616","13589"
"617","13591"
"618","13589"
"619","13589"
"620","13589"
"621","13589"
"622","13591"
"623","13591"
"624","13591"
"625","13591"
"626","13589"
"627","13589"
"628","13589"
"629","13589"
"630","13589"
"631","13589"
"632","13589"
"633","13589"
"634","13591"
"635","13591"
"636","13589"
"637","13591"
"638","13589"
"639","13583"
"640","13583"
"641","13585"
"642","13583"
"643","13589"
"644","13583"
"645","13583"
"646","13583"
"647","13583"
"648","13585"
"649","13585"
"650","13583"
"651","13591"
"652","13585"
"653","13585"
"654","13585"
"655","13597"
"656","13583"
"657","13585"
"658","13597"
"659","13585"
"660","13583"
"661","13585"
"662","13597"
"663","13585"
"664","13585"
"665","13583"
"666","13585"
"667","13585"
"668","13585"
"669","13585"
"670","13585"
"671","13585"
"672","13585"
"673","13597"
"674","13597"
"675","13599"
"676","13599"
"677","13597"
"678","13597"
"679","13597"
"680","13597"
"681","13599"
"682","13597"
"683","13599"
"684","13597"
"685","13597"
"686","13597"
"687","13597"
"688","13581"
"689","13581"
"690","13595"
"691","13597"
"692","13597"
"693","13581"
"694","13581"
"695","13581"
"696","13595"
"697","13595"
"698","13593"
"699","13595"
"700","13595"
"701","13595"
"702","13595"
"703","13595"
"704","13595"
"705","13593"
"706","13595"
"707","13595"
"708","13595"
"709","13595"
"710","14089"
"711","14089"
"712","14089"
"713","14089"
"714","14089"
"715","13597"
"716","14055"
"717","13595"
"718","14055"
"719","13581"
"720","13595"
"721","13595"
"722","13595"
"723","13595"
"724","13595"
"725","13595"
"726","13597"
"727","13599"
"728","13599"
"729","13599"
"730","13599"
"731","13599"
"732","13599"
"733","13599"
"734","13599"
"735","13599"
"736","13629"
"737","13629"
"738","13629"
"739","13629"
"740","13599"
"741","13627"
"742","13629"
"743","13629"
"744","13629"
"745","13629"
"746","13629"
"747","13629"
"748","13629"
"749","13629"
"750","13629"
"751","13629"
"752","13581"
"753","13591"
"754","13591"
"755","13591"
"756","13591"
"757","13591"
"758","13591"
"759","13591"
"760","13591"
"761","13581"
"762","13591"
"763","13591"
"764","13591"
"765","13581"
"766","13581"
"767","13591"
"768","13591"
"769","13591"
"770","13591"
"771","14612"
"772","14612"
"773","14612"
"774","13591"
"775","13591"
"776","13593"
"777","13593"
"778","13591"
"779","13591"
"780","13581"
"781","13593"
"782","13591"
"783","13591"
"784","13581"
"785","13581"
"786","13595"
"787","13593"
"788","14089"
"789","14089"
"790","14089"
"791","14089"
"792","14089"
"793","14089"
"794","14089"
"795","14089"
"796","14089"
"797","14089"
"798","14089"
"799","14476"
"800","14089"
"801","14089"
"802","14089"
"803","14089"
"804","14089"
"805","14089"
"806","14089"
"807","14089"
"808","14089"
"809","14089"
"810","14089"
"811","14089"
"812","14089"
"813","14089"
"814","14089"
"815","14089"
"816","14089"
"817","14089"
"818","14089"
"819","14089"
"820","14089"
"821","14089"
"822","14089"
"823","14057"
"824","10711"
"825","14057"
"826","14057"
"827","10711"
"828","14199"
"829","10709"
"830","10709"
"831","10707"
"832","10709"
"833","10709"
"834","10707"
"835","10711"
"836","10629"
"837","10711"
"838","10789"
"839","10623"
"840","10719"
"841","10709"
"842","10719"
"843","10719"
"844","10709"
"845","12159"
"846","12159"
"847","10709"
"848","10709"
"849","10825"
"850","12159"
"851","10825"
"852","12159"
"853","12159"
"854","12159"
"855","14197"
"856","14197"
"857","12163"
"858","14197"
"859","12159"
"860","12159"
"861","12163"
"862","12159"
"863","12159"
"864","14197"
"865","14197"
"866","14193"
"867","14197"
"868","14197"
"869","14199"
"870","14193"
"871","14199"
"872","14193"
"873","14193"
"874","14193"
"875","14193"
"876","14193"
"877","14199"
"878","14193"
"879","14129"
"880","14129"
"881","14129"
"882","14089"
"883","14129"
"884","14193"
"885","14055"
"886","14199"
"887","14193"
"888","14193"
"889","14193"
"890","14055"
"891","10711"
"892","14193"
"893","14193"
"894","14193"
"895","14055"
"896","14193"
"897","14193"
"898","14193"
"899","14193"
"900","14163"
"901","14165"
"902","14163"
"903","14169"
"904","14163"
"905","14163"
"906","14163"
"907","14165"
"908","14165"
"909","14165"
"910","14169"
"911","14167"
"912","14167"
"913","14165"
"914","14167"
"915","14169"
"916","14167"
"917","14169"
"918","14169"
"919","14165"
"920","14169"
"921","14165"
"922","14169"
"923","14167"
"924","14169"
"925","14165"
"926","14532"
"927","14165"
"928","14165"
"929","14165"
"930","14165"
"931","14165"
"932","14532"
"933","14165"
"934","14165"
"935","14165"
"936","14165"
"937","14169"
"938","14169"
"939","14163"
"940","14167"
"941","14169"
"942","14169"
"943","14167"
"944","14167"
"945","14169"
"946","14169"
"947","14169"
"948","14169"
"949","14169"
"950","14169"
"951","14163"
"952","14163"
"953","14169"
"954","14163"
"955","14163"
"956","14163"
"957","14129"
"958","14169"
"959","14169"
"960","14169"
"961","14199"
"962","14193"
"963","14195"
"964","14197"
"965","14169"
"966","14195"
"967","14195"
"968","14195"
"969","14195"
"970","14199"
"971","14195"
"972","14195"
"973","14169"
"974","14169"
"975","14169"
"976","14169"
"977","14195"
"978","14197"
"979","14169"
"980","14195"
"981","14195"
"982","12165"
"983","14195"
"984","14169"
"985","14195"
"986","12165"
"987","14195"
"988","14197"
"989","12165"
"990","12165"
"991","14195"
"992","14195"
"993","14169"
"994","14169"
"995","14129"
"996","14129"
"997","14129"
"998","14129"
"999","14129"
"1000","14129"
"1001","14129"
"1002","14129"
"1003","14129"
"1004","14129"
"1005","14129"
"1006","14109"
"1007","14109"
"1008","14129"
"1009","14129"
"1010","14129"
"1011","14163"
"1012","14129"
"1013","14163"
"1014","14163"
"1015","14163"
"1016","14163"
"1017","14129"
"1018","14129"
"1019","14163"
"1020","14467"
"1021","14109"
"1022","14109"
"1023","14109"
"1024","14482"
"1025","14109"
"1026","14109"
"1027","14467"
"1028","14109"
"1029","14109"
"1030","14109"
"1031","14109"
"1032","14109"
"1033","14109"
"1034","14109"
"1035","14109"
"1036","14109"
"1037","14109"
"1038","14109"
"1039","14109"
"1040","14109"
"1041","14109"
"1042","14109"
"1043","14109"
"1044","14109"
"1045","14109"
"1046","14482"
"1047","14482"
"1048","14109"
"1049","14482"
"1050","14482"
"1051","14109"
"1052","14482"
"1053","10825"
"1054","10827"
"1055","10825"
"1056","10829"
"1057","10825"
"1058","10825"
"1059","10825"
"1060","10825"
"1061","10825"
"1062","10785"
"1063","10825"
"1064","10825"
"1065","10787"
"1066","10825"
"1067","10787"
"1068","10787"
"1069","10789"
"1070","10789"
"1071","10789"
"1072","10787"
"1073","10787"
"1074","10787"
"1075","10785"
"1076","10787"
"1077","10787"
"1078","10785"
"1079","10829"
"1080","10785"
"1081","10827"
"1082","10829"
"1083","10829"
"1084","10965"
"1085","10785"
"1086","10829"
"1087","12105"
"1088","10965"
"1089","12101"
"1090","12105"
"1091","12105"
"1092","12105"
"1093","12105"
"1094","12105"
"1095","12105"
"1096","12103"
"1097","12103"
"1098","12101"
"1099","12105"
"1100","12105"
"1101","10829"
"1102","10829"
"1103","12159"
"1104","12163"
"1105","12159"
"1106","12105"
"1107","12105"
"1108","12159"
"1109","12159"
"1110","12157"
"1111","12157"
"1112","12159"
"1113","12159"
"1114","12105"
"1115","12163"
"1116","12163"
"1117","12163"
"1118","12159"
"1119","12159"
"1120","12163"
"1121","12163"
"1122","12163"
"1123","12163"
"1124","12165"
"1125","12163"
"1126","12165"
"1127","12163"
"1128","12163"
"1129","12163"
"1130","12163"
"1131","12163"
"1132","12163"
"1133","12163"
"1134","12157"
"1135","12163"
"1136","12165"
"1137","12167"
"1138","12165"
"1139","12165"
"1140","12167"
"1141","12167"
"1142","12165"
"1143","12163"
"1144","12167"
"1145","12105"
"1146","12167"
"1147","12247"
"1148","12247"
"1149","12105"
"1150","12105"
"1151","12105"
"1152","12207"
"1153","12207"
"1154","12207"
"1155","12207"
"1156","12207"
"1157","12207"
"1158","12207"
"1159","12209"
"1160","12207"
"1161","12209"
"1162","12209"
"1163","12209"
"1164","12207"
"1165","12209"
"1166","12207"
"1167","12209"
"1168","12207"
"1169","12207"
"1170","12207"
"1171","12209"
"1172","12209"
"1173","12207"
"1174","12249"
"1175","12209"
"1176","12247"
"1177","12209"
"1178","12209"
"1179","12209"
"1180","12207"
"1181","12207"
"1182","12209"
"1183","12209"
"1184","12209"
"1185","12247"
"1186","12209"
"1187","12209"
"1188","12249"
"1189","12249"
"1190","12207"
"1191","14165"
"1192","14167"
"1193","14167"
"1194","14195"
"1195","12203"
"1196","14195"
"1197","12205"
"1198","12165"
"1199","14195"
"1200","12165"
"1201","12165"
"1202","12165"
"1203","14195"
"1204","12165"
"1205","12205"
"1206","12205"
"1207","14167"
"1208","14167"
"1209","12205"
"1210","12207"
"1211","12207"
"1212","12205"
"1213","12205"
"1214","12205"
"1215","12205"
"1216","12205"
"1217","12205"
"1218","12205"
"1219","12205"
"1220","12207"
"1221","12205"
"1222","12207"
"1223","12205"
"1224","12207"
"1225","12207"
"1226","12165"
"1227","12167"
"1228","12205"
"1229","12207"
"1230","12167"
"1231","12207"
"1232","12205"
"1233","12207"
"1234","12167"
"1235","12167"
"1236","12167"
"1237","12167"
"1238","12207"
"1239","12167"
"1240","12247"
"1241","12247"
"1242","12249"
"1243","12249"
"1244","12247"
"1245","12247"
"1246","12247"
"1247","12247"
"1248","12247"
"1249","12247"
"1250","12247"
"1251","12249"
"1252","12247"
"1253","12247"
"1254","12277"
"1255","12249"
"1256","12249"
"1257","12277"
"1258","12249"
"1259","12249"
"1260","12249"
"1261","12249"
"1262","12277"
"1263","12277"
"1264","12249"
"1265","12249"
"1266","12249"
"1267","12101"
"1268","12101"
"1269","12101"
"1270","10829"
"1271","10829"
"1272","10829"
"1273","10829"
"1274","12101"
"1275","12101"
"1276","12101"
"1277","12101"
"1278","12101"
"1279","12101"
"1280","12099"
"1281","12099"
"1282","12099"
"1283","12099"
"1284","12099"
"1285","12099"
"1286","12099"
"1287","12099"
"1288","12099"
"1289","12105"
"1290","12099"
"1291","12105"
"1292","12103"
"1293","12103"
"1294","12105"
"1295","12105"
"1296","12105"
"1297","12099"
"1298","12099"
"1299","12105"
"1300","12247"
"1301","10961"
"1302","10961"
"1303","12099"
"1304","12099"
"1305","12099"
"1306","12099"
"1307","12099"
"1308","12099"
"1309","12099"
"1310","12051"
"1311","12099"
"1312","12099"
"1313","12099"
"1314","12099"
"1315","12051"
"1316","12099"
"1317","12099"
"1318","12109"
"1319","12099"
"1320","12103"
"1321","12109"
"1322","12109"
"1323","12109"
"1324","12099"
"1325","12109"
"1326","12109"
"1327","12109"
"1328","12109"
"1329","12109"
"1330","12109"
"1331","12099"
"1332","12347"
"1333","12109"
"1334","12109"
"1335","12099"
"1336","12109"
"1337","12109"
"1338","12109"
"1339","12109"
"1340","12109"
"1341","12109"
"1342","12109"
"1343","12109"
"1344","12109"
"1345","12109"
"1346","12109"
"1347","12349"
"1348","12107"
"1349","12349"
"1350","12107"
"1351","12305"
"1352","12349"
"1353","12349"
"1354","12305"
"1355","12349"
"1356","12349"
"1357","12349"
"1358","12349"
"1359","12107"
"1360","12249"
"1361","12249"
"1362","12249"
"1363","12249"
"1364","12107"
"1365","12249"
"1366","12277"
"1367","12277"
"1368","12305"
"1369","12107"
"1370","12249"
"1371","12305"
"1372","12249"
"1373","12249"
"1374","12305"
"1375","12249"
"1376","12249"
"1377","12277"
"1378","12279"
"1379","12277"
"1380","12277"
"1381","12277"
"1382","12277"
"1383","12277"
"1384","12277"
"1385","12279"
"1386","12277"
"1387","12277"
"1388","12277"
"1389","12277"
"1390","12277"
"1391","12277"
"1392","12279"
"1393","12277"
"1394","12305"
"1395","12305"
"1396","12309"
"1397","12305"
"1398","12305"
"1399","12305"
"1400","12349"
"1401","12349"
"1402","12349"
"1403","12349"
"1404","12349"
"1405","12305"
"1406","12305"
"1407","12305"
"1408","12305"
"1409","12307"
"1410","12307"
"1411","12305"
"1412","12305"
"1413","12309"
"1414","12309"
"1415","12305"
"1416","12305"
"1417","12309"
"1418","12305"
"1419","12309"
"1420","12305"
"1421","12307"
"1422","12309"
"1423","12309"
"1424","12309"
"1425","12305"
"1426","12305"
"1427","12309"
"1428","12309"
"1429","12305"
"1430","12309"
"1431","12309"
"1432","12309"
"1433","12309"
"1434","12309"
"1435","12309"
"1436","12305"
"1437","12305"
"1438","12307"
"1439","12307"
"1440","12309"
"1441","12309"
"1442","12307"
"1443","12309"
"1444","12309"
"1445","12305"
"1446","12043"
"1447","12059"
"1448","12047"
"1449","12043"
"1450","12043"
"1451","12435"
"1452","12047"
"1453","12435"
"1454","10997"
"1455","12043"
"1456","12059"
"1457","12059"
"1458","12043"
"1459","12043"
"1460","12059"
"1461","12437"
"1462","12051"
"1463","12437"
"1464","12059"
"1465","12359"
"1466","12437"
"1467","12057"
"1468","12055"
"1469","12359"
"1470","12055"
"1471","12043"
"1472","12437"
"1473","12437"
"1474","12437"
"1475","12055"
"1476","12059"
"1477","12437"
"1478","12437"
"1479","12055"
"1480","12057"
"1481","12437"
"1482","12437"
"1483","12047"
"1484","12043"
"1485","12043"
"1486","12043"
"1487","12043"
"1488","12047"
"1489","12047"
"1490","12045"
"1491","12043"
"1492","12043"
"1493","12043"
"1494","12059"
"1495","12043"
"1496","12051"
"1497","12053"
"1498","10967"
"1499","12053"
"1500","12043"
"1501","12043"
"1502","12043"
"1503","12051"
"1504","12051"
"1505","12051"
"1506","12051"
"1507","12051"
"1508","12043"
"1509","12349"
"1510","12349"
"1511","12347"
"1512","12051"
"1513","12051"
"1514","12051"
"1515","12359"
"1516","12347"
"1517","12347"
"1518","12359"
"1519","12051"
"1520","12359"
"1521","12051"
"1522","12359"
"1523","12109"
"1524","12349"
"1525","12349"
"1526","12349"
"1527","12359"
"1528","12349"
"1529","12359"
"1530","12359"
"1531","12349"
"1532","12349"
"1533","12359"
"1534","12359"
"1535","12359"
"1536","12349"
"1537","12349"
"1538","12359"
"1539","12359"
"1540","12359"
"1541","12359"
"1542","12349"
"1543","12353"
"1544","12349"
"1545","12353"
"1546","12349"
"1547","12349"
"1548","12349"
"1549","12305"
"1550","12305"
"1551","12349"
"1552","12353"
"1553","12353"
"1554","12349"
"1555","12349"
"1556","12349"
"1557","12353"
"1558","12353"
"1559","12353"
"1560","12353"
"1561","12353"
"1562","12359"
"1563","12359"
"1564","12351"
"1565","12359"
"1566","12359"
"1567","12351"
"1568","12351"
"1569","12351"
"1570","12351"
"1571","12359"
"1572","12351"
"1573","12351"
"1574","12353"
"1575","12353"
"1576","12353"
"1577","12353"
"1578","12351"
"1579","12355"
"1580","12355"
"1581","12355"
"1582","12351"
"1583","12353"
"1584","12353"
"1585","12353"
"1586","12487"
"1587","12487"
"1588","12357"
"1589","12353"
"1590","12353"
"1591","12353"
"1592","12353"
"1593","12355"
"1594","12357"
"1595","12355"
"1596","12355"
"1597","12357"
"1598","12353"
"1599","12355"
"1600","12357"
"1601","12357"
"1602","12357"
"1603","12357"
"1604","12357"
"1605","12355"
"1606","12355"
"1607","12355"
"1608","12355"
"1609","12355"
"1610","12355"
"1611","12355"
"1612","12353"
"1613","12355"
"1614","12355"
"1615","12355"
"1616","12355"
"1617","12355"
"1618","12355"
"1619","12355"
"1620","12355"
"1621","12355"
"1622","12355"
"1623","12355"
"1624","12355"
"1625","12355"
"1626","12355"
"1627","12355"
"1628","12355"
"1629","13407"
"1630","13407"
"1631","13407"
"1632","13407"
"1633","13407"
"1634","13407"
"1635","13407"
"1636","13407"
"1637","13407"
"1638","13407"
"1639","13351"
"1640","13407"
"1641","13407"
"1642","13407"
"1643","13407"
"1644","13407"
"1645","13407"
"1646","13407"
"1647","13407"
"1648","13403"
"1649","13407"
"1650","13407"
"1651","13409"
"1652","13409"
"1653","13407"
"1654","13407"
"1655","13409"
"1656","13409"
"1657","13409"
"1658","13409"
"1659","13156"
"1660","13407"
"1661","13409"
"1662","13409"
"1663","13409"
"1664","13409"
"1665","13409"
"1666","13409"
"1667","13409"
"1668","13409"
"1669","13407"
"1670","13409"
"1671","13409"
"1672","13407"
"1673","13403"
"1674","13405"
"1675","13403"
"1676","13403"
"1677","13403"
"1678","13405"
"1679","13407"
"1680","13405"
"1681","13405"
"1682","13405"
"1683","13405"
"1684","13403"
"1685","13403"
"1686","13403"
"1687","13403"
"1688","13403"
"1689","13407"
"1690","13403"
"1691","13403"
"1692","13403"
"1693","13403"
"1694","13405"
"1695","13405"
"1696","13405"
"1697","13405"
"1698","13405"
"1699","13405"
"1700","13507"
"1701","13509"
"1702","13403"
"1703","13507"
"1704","13507"
"1705","13405"
"1706","13503"
"1707","13503"
"1708","13509"
"1709","13503"
"1710","13509"
"1711","13507"
"1712","13509"
"1713","13509"
"1714","13509"
"1715","13509"
"1716","13509"
"1717","13509"
"1718","13509"
"1719","13467"
"1720","13467"
"1721","13509"
"1722","13509"
"1723","13509"
"1724","13509"
"1725","13507"
"1726","13507"
"1727","13507"
"1728","13507"
"1729","13507"
"1730","13507"
"1731","13629"
"1732","13599"
"1733","13507"
"1734","13507"
"1735","13505"
"1736","13599"
"1737","13505"
"1738","13505"
"1739","13587"
"1740","13505"
"1741","13505"
"1742","13505"
"1743","13505"
"1744","13505"
"1745","13505"
"1746","13505"
"1747","13505"
"1748","13503"
"1749","13503"
"1750","13503"
"1751","13503"
"1752","13587"
"1753","13587"
"1754","13587"
"1755","13503"
"1756","13503"
"1757","13503"
"1758","13503"
"1759","13503"
"1760","13503"
"1761","13503"
"1762","13503"
"1763","13503"
"1764","13503"
"1765","13503"
"1766","13503"
"1767","13503"
"1768","13503"
"1769","13465"
"1770","13465"
"1771","13465"
"1772","13465"
"1773","13465"
"1774","13465"
"1775","13465"
"1776","13465"
"1777","13465"
"1778","13465"
"1779","13465"
"1780","13465"
"1781","13467"
"1782","13467"
"1783","13465"
"1784","13465"
"1785","13465"
"1786","13465"
"1787","13465"
"1788","13467"
"1789","13467"
"1790","13467"
"1791","13467"
"1792","13467"
"1793","13467"
"1794","13467"
"1795","13467"
"1796","13467"
"1797","13467"
"1798","13469"
"1799","13467"
"1800","13465"
"1801","13467"
"1802","13467"
"1803","13465"
"1804","13467"
"1805","13469"
"1806","13469"
"1807","13469"
"1808","13469"
"1809","13509"
"1810","13469"
"1811","13469"
"1812","13469"
"1813","13467"
"1814","13469"
"1815","13469"
"1816","13469"
"1817","13469"
"1818","13469"
"1819","13469"
"1820","13435"
"1821","13437"
"1822","13437"
"1823","13509"
"1824","13509"
"1825","13509"
"1826","13509"
"1827","13437"
"1828","13437"
"1829","13509"
"1830","13403"
"1831","13469"
"1832","13509"
"1833","13437"
"1834","13469"
"1835","13469"
"1836","13469"
"1837","13469"
"1838","13435"
"1839","13435"
"1840","13435"
"1841","13439"
"1842","13439"
"1843","13439"
"1844","13439"
"1845","13437"
"1846","13435"
"1847","13435"
"1848","13435"
"1849","13439"
"1850","13439"
"1851","13435"
"1852","13437"
"1853","13439"
"1854","13439"
"1855","13435"
"1856","13439"
"1857","13439"
"1858","13439"
"1859","13437"
"1860","13439"
"1861","13435"
"1862","13435"
"1863","13435"
"1864","13437"
"1865","13437"
"1866","13437"
"1867","13403"
"1868","13437"
"1869","13437"
"1870","13403"
"1871","13407"
"1872","13437"
"1873","13407"
"1874","13437"
"1875","13437"
"1876","13403"
"1877","13403"
"1878","13403"
"1879","13407"
"1880","13437"
"1881","13403"
"1882","13507"
"1883","13437"
"1884","13403"
"1885","13509"
"1886","13507"
"1887","13509"
"1888","10117"
"1889","10115"
"1890","10115"
"1891","10179"
"1892","10115"
"1893","10179"
"1894","10557"
"1895","10117"
"1896","10117"
"1897","10117"
"1898","10117"
"1899","10179"
"1900","10179"
"1901","10119"
"1902","10243"
"1903","10115"
"1904","10117"
"1905","10119"
"1906","10117"
"1907","10117"
"1908","10119"
"1909","10179"
"1910","10115"
"1911","10557"
"1912","10557"
"1913","10117"
"1914","10119"
"1915","10119"
"1916","10119"
"1917","10119"
"1918","10117"
"1919","10115"
"1920","10119"
"1921","10119"
"1922","10557"
"1923","10557"
"1924","10557"
"1925","10115"
"1926","10115"
"1927","10115"
"1928","10115"
"1929","10115"
"1930","10115"
"1931","10117"
"1932","10117"
"1933","10115"
"1934","10179"
"1935","10243"
"1936","10179"
"1937","10997"
"1938","10117"
"1939","10117"
"1940","10117"
"1941","10117"
"1942","10117"
"1943","10117"
"1944","10117"
"1945","10117"
"1946","10117"
"1947","10117"
"1948","10439"
"1949","10439"
"1950","10409"
"1951","10249"
"1952","10119"
"1953","10437"
"1954","10439"
"1955","10439"
"1956","10437"
"1957","10439"
"1958","10439"
"1959","10249"
"1960","10439"
"1961","10439"
"1962","10409"
"1963","10439"
"1964","10437"
"1965","10119"
"1966","10405"
"1967","10405"
"1968","10119"
"1969","10405"
"1970","10409"
"1971","10407"
"1972","10409"
"1973","10249"
"1974","10407"
"1975","10439"
"1976","10409"
"1977","10439"
"1978","10439"
"1979","10437"
"1980","10439"
"1981","10119"
"1982","10119"
"1983","10119"
"1984","10119"
"1985","10439"
"1986","10439"
"1987","10439"
"1988","10439"
"1989","10409"
"1990","10409"
"1991","10409"
"1992","10405"
"1993","10405"
"1994","10405"
"1995","10249"
"1996","10407"
"1997","10407"
"1998","10365"
"1999","10317"
"2000","10245"
"2001","10245"
"2002","10243"
"2003","10243"
"2004","10243"
"2005","10365"
"2006","10245"
"2007","10243"
"2008","10243"
"2009","10249"
"2010","10243"
"2011","10243"
"2012","10245"
"2013","10243"
"2014","10243"
"2015","10243"
"2016","10243"
"2017","10245"
"2018","10317"
"2019","10317"
"2020","10243"
"2021","10243"
"2022","10243"
"2023","10249"
"2024","10249"
"2025","10243"
"2026","10365"
"2027","10365"
"2028","10245"
"2029","10245"
"2030","10245"
"2031","10245"
"2032","10245"
"2033","10245"
"2034","10245"
"2035","10245"
"2036","10245"
"2037","10243"
"2038","10243"
"2039","10243"
"2040","10249"
"2041","10247"
"2042","10365"
"2043","10249"
"2044","13187"
"2045","13187"
"2046","13359"
"2047","13187"
"2048","10439"
"2049","13187"
"2050","13187"
"2051","13187"
"2052","13187"
"2053","13156"
"2054","10439"
"2055","13409"
"2056","13187"
"2057","13187"
"2058","13187"
"2059","13187"
"2060","13187"
"2061","13187"
"2062","13187"
"2063","13187"
"2064","13189"
"2065","10439"
"2066","10439"
"2067","10439"
"2068","10439"
"2069","13187"
"2070","13409"
"2071","13189"
"2072","13189"
"2073","13189"
"2074","13187"
"2075","10439"
"2076","13187"
"2077","13158"
"2078","13156"
"2079","13187"
"2080","13187"
"2081","13156"
"2082","13158"
"2083","13156"
"2084","13156"
"2085","13156"
"2086","13156"
"2087","13409"
"2088","13409"
"2089","13187"
"2090","13156"
"2091","13409"
"2092","13156"
"2093","13156"
"2094","13187"
"2095","13187"
"2096","13187"
"2097","13156"
"2098","13156"
"2099","13156"
"2100","13156"
"2101","13158"
"2102","13409"
"2103","13187"
"2104","13156"
"2105","13187"
"2106","13158"
"2107","13439"
"2108","13437"
"2109","13158"
"2110","13158"
"2111","13158"
"2112","13158"
"2113","13156"
"2114","13156"
"2115","13158"
"2116","13158"
"2117","13158"
"2118","13156"
"2119","13156"
"2120","13156"
"2121","13158"
"2122","13158"
"2123","13158"
"2124","13158"
"2125","13158"
"2126","13158"
"2127","13158"
"2128","13158"
"2129","13158"
"2130","13158"
"2131","13159"
"2132","13159"
"2133","13159"
"2134","16552"
"2135","13159"
"2136","16552"
"2137","13159"
"2138","13159"
"2139","13127"
"2140","13127"
"2141","13127"
"2142","13127"
"2143","13127"
"2144","13129"
"2145","13129"
"2146","13156"
"2147","13129"
"2148","13127"
"2149","13127"
"2150","13125"
"2151","13127"
"2152","16341"
"2153","13125"
"2154","13127"
"2155","13125"
"2156","13125"
"2157","13125"
"2158","13125"
"2159","16341"
"2160","13125"
"2161","13125"
"2162","16341"
"2163","13125"
"2164","13125"
"2165","13088"
"2166","13088"
"2167","13088"
"2168","13088"
"2169","13088"
"2170","13088"
"2171","13088"
"2172","13189"
"2173","10409"
"2174","10409"
"2175","13088"
"2176","13088"
"2177","13088"
"2178","13088"
"2179","13189"
"2180","13088"
"2181","13088"
"2182","13088"
"2183","13086"
"2184","13086"
"2185","13189"
"2186","10409"
"2187","10409"
"2188","13088"
"2189","13088"
"2190","13088"
"2191","13088"
"2192","13088"
"2193","13088"
"2194","13088"
"2195","13088"
"2196","13053"
"2197","13088"
"2198","13088"
"2199","13088"
"2200","13189"
"2201","13089"
"2202","13089"
"2203","13089"
"2204","13089"
"2205","13089"
"2206","13189"
"2207","10439"
"2208","13089"
"2209","13129"
"2210","13129"
"2211","13129"
"2212","13129"
"2213","13129"
"2214","13129"
"2215","13129"
"2216","13129"
"2217","13129"
"2218","13125"
"2219","13125"
"2220","13125"
"2221","13125"
"2222","13125"
"2223","13125"
"2224","13125"
"2225","13125"
"2226","13125"
"2227","13125"
"2228","13125"
"2229","13125"
"2230","13125"
"2231","13125"
"2232","13125"
"2233","13125"
"2234","13088"
"2235","13051"
"2236","13125"
"2237","13051"
"2238","13053"
"2239","13053"
"2240","13053"
"2241","13055"
"2242","13053"
"2243","13055"
"2244","13055"
"2245","13053"
"2246","13055"
"2247","13055"
"2248","13051"
"2249","13051"
"2250","13055"
"2251","13055"
"2252","13053"
"2253","13053"
"2254","13053"
"2255","13051"
"2256","13053"
"2257","13053"
"2258","13055"
"2259","13055"
"2260","13055"
"2261","13055"
"2262","13055"
"2263","13055"
"2264","13053"
"2265","13053"
"2266","13053"
"2267","13088"
"2268","10407"
"2269","13088"
"2270","13088"
"2271","13088"
"2272","13055"
"2273","13055"
"2274","13055"
"2275","13055"
"2276","13059"
"2277","13057"
"2278","13059"
"2279","13059"
"2280","13051"
"2281","13051"
"2282","13059"
"2283","13051"
"2284","13051"
"2285","13051"
"2286","13051"
"2287","13059"
"2288","13053"
"2289","13059"
"2290","13059"
"2291","13059"
"2292","13059"
"2293","13059"
"2294","13053"
"2295","13059"
"2296","13059"
"2297","13059"
"2298","13059"
"2299","13059"
"2300","13059"
"2301","13059"
"2302","13053"
"2303","13053"
"2304","13059"
"2305","13057"
"2306","13057"
"2307","13057"
"2308","13059"
"2309","13059"
"2310","10317"
"2311","10319"
"2312","10317"
"2313","10365"
"2314","10319"
"2315","10318"
"2316","10367"
"2317","10315"
"2318","10365"
"2319","10367"
"2320","10365"
"2321","10365"
"2322","13055"
"2323","10319"
"2324","10365"
"2325","10365"
"2326","10319"
"2327","10249"
"2328","10407"
"2329","10247"
"2330","10367"
"2331","10365"
"2332","13055"
"2333","13053"
"2334","13053"
"2335","10365"
"2336","10315"
"2337","10315"
"2338","10365"
"2339","10365"
"2340","10365"
"2341","10365"
"2342","10365"
"2343","10365"
"2344","10365"
"2345","10365"
"2346","10315"
"2347","10319"
"2348","10317"
"2349","10365"
"2350","10319"
"2351","10315"
"2352","10367"
"2353","10365"
"2354","10365"
"2355","10367"
"2356","10365"
"2357","10319"
"2358","10315"
"2359","10315"
"2360","10318"
"2361","10318"
"2362","10315"
"2363","10318"
"2364","10318"
"2365","10315"
"2366","10319"
"2367","10319"
"2368","10319"
"2369","10319"
"2370","10319"
"2371","10318"
"2372","10319"
"2373","10319"
"2374","10315"
"2375","10319"
"2376","10318"
"2377","10315"
"2378","10318"
"2379","10318"
"2380","10318"
"2381","10318"
"2382","10318"
"2383","10318"
"2384","10318"
"2385","10318"
"2386","10318"
"2387","10318"
"2388","10318"
"2389","10318"
"2390","10318"
"2391","10318"
"2392","10318"
"2393","10318"
"2394","12681"
"2395","12681"
"2396","12687"
"2397","13057"
"2398","12681"
"2399","12689"
"2400","16356"
"2401","12689"
"2402","12687"
"2403","12685"
"2404","12685"
"2405","12685"
"2406","12685"
"2407","12681"
"2408","12689"
"2409","13057"
"2410","12689"
"2411","12689"
"2412","12689"
"2413","12689"
"2414","12689"
"2415","13057"
"2416","12687"
"2417","12687"
"2418","12689"
"2419","12687"
"2420","12685"
"2421","12685"
"2422","12685"
"2423","12685"
"2424","12685"
"2425","12687"
"2426","12681"
"2427","12685"
"2428","13053"
"2429","13053"
"2430","12685"
"2431","12685"
"2432","12685"
"2433","12681"
"2434","12681"
"2435","12681"
"2436","12685"
"2437","12687"
"2438","12687"
"2439","12689"
"2440","12685"
"2441","12681"
"2442","12681"
"2443","12681"
"2444","13053"
"2445","12685"
"2446","12689"
"2447","12687"
"2448","12683"
"2449","10315"
"2450","12681"
"2451","12683"
"2452","12683"
"2453","12621"
"2454","12681"
"2455","12683"
"2456","12685"
"2457","13053"
"2458","12621"
"2459","12683"
"2460","12683"
"2461","12621"
"2462","12683"
"2463","12683"
"2464","12619"
"2465","12683"
"2466","13053"
"2467","12681"
"2468","12683"
"2469","12683"
"2470","12685"
"2471","12619"
"2472","12683"
"2473","12683"
"2474","12683"
"2475","12683"
"2476","10315"
"2477","10315"
"2478","12683"
"2479","12683"
"2480","12683"
"2481","12683"
"2482","12621"
"2483","12683"
"2484","12683"
"2485","12681"
"2486","10315"
"2487","10315"
"2488","10315"
"2489","12683"
"2490","10315"
"2491","10315"
"2492","12619"
"2493","12621"
"2494","12619"
"2495","12619"
"2496","12627"
"2497","12627"
"2498","12621"
"2499","12621"
"2500","12627"
"2501","12627"
"2502","12619"
"2503","12627"
"2504","12627"
"2505","12627"
"2506","12621"
"2507","12683"
"2508","12621"
"2509","12621"
"2510","12621"
"2511","12621"
"2512","12621"
"2513","12627"
"2514","12627"
"2515","16356"
"2516","16356"
"2517","16356"
"2518","16356"
"2519","16356"
"2520","16356"
"2521","12627"
"2522","12627"
"2523","12627"
"2524","12627"
"2525","12619"
"2526","12619"
"2527","12623"
"2528","12623"
"2529","12623"
"2530","12623"
"2531","12623"
"2532","12619"
"2533","12619"
"2534","12619"
"2535","12619"
"2536","12619"
"2537","16356"
"2538","12685"
"2539","12685"
"2540","12627"
"2541","12619"
"2542","12619"
"2543","12619"
"2544","12623"
"2545","12619"
"2546","12619"
"2547","12621"
"2548","12621"
"2549","12621"
"2550","12621"
"2551","12621"
"2552","12627"
"2553","12621"
"2554","16356"
"2555","12621"
"2556","12619"
"2557","12621"
"2558","12623"
"2559","12623"
"2560","12627"
"2561","12623"
"2562","12623"
"2563","12623"
"2564","12623"
"2565","12627"
"2566","15366"
"2567","15366"
"2568","15366"
"2569","12623"
"2570","12623"
"2571","15366"
"2572","15366"
"2573","15366"
"2574","12623"
"2575","12623"
"2576","12623"
"2577","12623"
"2578","12623"
"2579","12623"
"2580","12623"
"2581","12623"
"2582","12627"
"2583","15366"
"2584","12623"
"2585","12623"
"2586","12623"
"2587","12621"
"2588","12623"
"2589","12623"
"2590","12623"
"2591","12623"
"2592","12623"
"2593","12623"
"2594","12623"
"2595","12621"
"2596","12623"
"2597","12623"
"2598","12623"
"2599","12623"
"2600","12623"
"2601","12623"
"2602","12623"
"2603","12623"
"2604","12623"
"2605","12623"
"2606","12623"
"2607","12627"
"2608","12555"
"2609","12683"
"2610","12555"
"2611","12555"
"2612","12555"
"2613","12555"
"2614","12555"
"2615","12555"
"2616","12555"
"2617","12555"
"2618","12555"
"2619","12555"
"2620","12555"
"2621","12557"
"2622","12557"
"2623","12555"
"2624","12623"
"2625","12557"
"2626","12557"
"2627","12557"
"2628","12683"
"2629","12557"
"2630","12559"
"2631","12559"
"2632","12559"
"2633","12557"
"2634","12557"
"2635","12555"
"2636","12555"
"2637","12621"
"2638","12683"
"2639","12489"
"2640","12555"
"2641","12555"
"2642","12555"
"2643","12555"
"2644","12557"
"2645","12557"
"2646","12557"
"2647","12557"
"2648","12557"
"2649","12557"
"2650","12557"
"2651","12557"
"2652","12555"
"2653","12555"
"2654","12555"
"2655","12555"
"2656","12557"
"2657","12557"
"2658","12555"
"2659","12555"
"2660","12555"
"2661","12555"
"2662","12555"
"2663","12555"
"2664","12459"
"2665","12489"
"2666","12489"
"2667","12589"
"2668","12489"
"2669","12555"
"2670","12559"
"2671","12557"
"2672","12489"
"2673","12439"
"2674","12459"
"2675","12459"
"2676","12439"
"2677","12459"
"2678","12459"
"2679","12439"
"2680","12439"
"2681","12439"
"2682","12459"
"2683","12555"
"2684","12555"
"2685","12555"
"2686","12587"
"2687","12587"
"2688","12587"
"2689","12587"
"2690","12587"
"2691","12587"
"2692","12587"
"2693","12587"
"2694","12587"
"2695","12587"
"2696","12587"
"2697","12587"
"2698","12559"
"2699","12587"
"2700","12587"
"2701","12587"
"2702","12587"
"2703","12589"
"2704","12587"
"2705","15566"
"2706","12589"
"2707","12589"
"2708","12589"
"2709","12589"
"2710","12589"
"2711","12589"
"2712","12589"
"2713","12589"
"2714","12589"
"2715","12589"
"2716","12589"
"2717","12589"
"2718","12589"
"2719","12589"
"2720","12589"
"2721","12589"
"2722","12589"
"2723","12589"
"2724","12589"
"2725","12559"
"2726","12559"
"2727","12559"
"2728","12559"
"2729","12559"
"2730","12559"
"2731","12559"
"2732","12559"
"2733","12559"
"2734","12589"
"2735","12589"
"2736","12527"
"2737","15738"
"2738","15738"
"2739","15738"
"2740","12527"
"2741","12527"
"2742","12527"
"2743","12527"
"2744","12527"
"2745","12527"
"2746","12526"
"2747","12527"
"2748","12527"
"2749","12527"
"2750","12527"
"2751","12526"
"2752","12557"
"2753","12557"
"2754","10245"
"2755","12435"
"2756","10245"
"2757","12435"
"2758","12435"
"2759","10997"
"2760","10245"
"2761","10245"
"2762","10245"
"2763","10245"
"2764","12435"
"2765","12435"
"2766","12435"
"2767","12435"
"2768","12459"
"2769","12437"
"2770","12459"
"2771","12439"
"2772","12437"
"2773","12437"
"2774","12437"
"2775","12459"
"2776","12459"
"2777","12437"
"2778","12487"
"2779","12487"
"2780","12437"
"2781","12437"
"2782","12437"
"2783","12437"
"2784","12459"
"2785","12459"
"2786","12437"
"2787","12439"
"2788","12459"
"2789","12439"
"2790","12439"
"2791","12439"
"2792","12439"
"2793","12439"
"2794","12439"
"2795","12487"
"2796","12439"
"2797","12439"
"2798","12489"
"2799","12489"
"2800","12489"
"2801","12489"
"2802","12489"
"2803","12489"
"2804","12489"
"2805","12489"
"2806","12489"
"2807","12487"
"2808","12487"
"2809","12439"
"2810","12439"
"2811","12487"
"2812","12487"
"2813","12439"
"2814","12439"
"2815","12487"
"2816","12489"
"2817","12524"
"2818","12489"
"2819","12357"
"2820","12357"
"2821","12487"
"2822","12487"
"2823","12487"
"2824","12487"
"2825","12487"
"2826","12487"
"2827","12437"
"2828","12057"
"2829","12439"
"2830","12439"
"2831","12439"
"2832","12439"
"2833","12439"
"2834","12487"
"2835","12487"
"2836","12439"
"2837","12487"
"2838","12524"
"2839","12489"
"2840","12487"
"2841","12487"
"2842","12437"
"2843","12489"
"2844","12489"
"2845","12489"
"2846","12524"
"2847","12524"
"2848","12524"
"2849","12529"
"2850","12524"
"2851","12524"
"2852","12529"
"2853","12355"
"2854","12355"
"2855","12524"
"2856","12524"
"2857","12524"
"2858","12489"
"2859","12524"
"2860","12524"
"2861","12524"
"2862","12524"
"2863","12489"
"2864","12526"
"2865","12524"
"2866","12524"
"2867","12489"
"2868","12489"
"2869","12524"
"2870","12524"
"2871","12524"
"2872","12529"
"2873","12526"
"2874","12529"
"2875","12529"
"2876","12526"
"2877","12526"
"2878","12526"
"2879","12526"
"2880","12526"
"2881","12526"
"2882","12524"
"2883","12524"
"2884","12526"
"2885","16761"
"2886","16727"
"2887","16515"
"2888","16515"
"2889","16556"
"2890","16547"
"2891","16540"
"2892","16540"
"2893","16562"
"2894","15567"
"2895","13159"
"2896","16515"
"2897","13503"
"2898","16761"
"2899","16761"
"2900","16540"
"2901","16540"
"2902","16552"
"2903","16552"
"2904","16552"
"2905","16548"
"2906","16548"
"2907","16515"
"2908","13465"
"2909","16515"
"2910","16348"
"2911","16515"
"2912","16775"
"2913","16540"
"2914","16559"
"2915","16727"
"2916","16761"
"2917","16761"
"2918","16761"
"2919","16761"
"2920","16761"
"2921","16761"
"2922","16727"
"2923","16727"
"2924","16727"
"2925","16727"
"2926","16727"
"2927","16766"
"2928","16548"
"2929","16548"
"2930","16548"
"2931","16548"
"2932","16548"
"2933","16548"
"2934","16552"
"2935","16552"
"2936","16515"
"2937","16515"
"2938","16766"
"2939","16766"
"2940","16515"
"2941","16515"
"2942","16515"
"2943","16515"
"2944","16515"
"2945","16515"
"2946","16515"
"2947","16515"
"2948","16515"
"2949","16515"
"2950","16515"
"2951","16515"
"2952","16515"
"2953","16515"
"2954","16515"
"2955","16515"
"2956","16515"
"2957","16515"
"2958","16515"
"2959","16515"
"2960","16515"
"2961","16515"
"2962","16761"
"2963","13587"
"2964","16761"
"2965","16761"
"2966","16761"
"2967","16761"
"2968","16761"
"2969","16761"
"2970","16761"
"2971","16761"
"2972","13587"
"2973","16761"
"2974","16540"
"2975","16540"
"2976","16540"
"2977","16540"
"2978","16540"
"2979","16540"
"2980","16540"
"2981","16540"
"2982","16562"
"2983","16562"
"2984","16562"
"2985","15567"
"2986","15567"
"2987","16727"
"2988","16727"
"2989","16727"
"2990","16727"
"2991","16727"
"2992","16727"
"2993","16727"
"2994","16727"
"2995","16727"
"2996","16727"
"2997","16727"
"2998","16556"
"2999","16556"
"3000","16559"
"3001","16559"
"3002","16559"
"3003","16559"
"3004","16559"
"3005","16559"
"3006","16766"
"3007","16766"
"3008","16766"
"3009","16766"
"3010","16766"
"3011","16766"
"3012","16766"
"3013","16727"
"3014","16727"
"3015","16727"
"3016","16766"
"3017","16766"
"3018","16515"
"3019","16766"
"3020","16766"
"3021","16766"
"3022","16766"
"3023","16766"
"3024","16766"
"3025","16766"
"3026","16766"
"3027","16766"
"3028","16766"
"3029","16766"
"3030","16766"
"3031","16766"
"3032","16766"
"3033","16775"
"3034","16775"
"3035","16775"
"3036","16775"
"3037","16548"
"3038","16567"
"3039","16775"
"3040","16559"
"3041","16559"
"3042","16515"
"3043","16515"
"3044","16559"
"3045","16559"
"3046","16559"
"3047","16559"
"3048","16559"
"3049","16559"
"3050","16559"
"3051","16559"
"3052","16515"
"3053","16515"
"3054","16515"
"3055","16515"
"3056","16515"
"3057","16515"
"3058","16515"
"3059","16515"
"3060","Postcode Not Found"
"3061","Postcode Not Found"
"3062","Postcode Not Found"
"3063","16515"
"3064","16515"
"3065","16515"
"3066","16515"
"3067","16515"
"3068","16515"
"3069","16515"
"3070","16515"
"3071","16515"
"3072","16515"
"3073","16515"
"3074","16515"
"3075","16515"
"3076","16515"
"3077","16515"
"3078","16567"
"3079","16567"
"3080","16567"
"3081","16567"
"3082","16567"
"3083","16567"
"3084","13159"
"3085","13159"
"3086","16727"
"3087","16727"
"3088","16767"
"3089","16767"
"3090","16767"
"3091","16767"
"3092","16515"
"3093","16727"
"3094","16727"
"3095","16727"
"3096","16727"
"3097","16727"
"3098","16727"
"3099","16727"
"3100","16727"
"3101","16727"
"3102","16727"
"3103","16727"
"3104","16727"
"3105","16727"
"3106","16727"
"3107","16727"
"3108","16775"
"3109","16775"
"3110","16775"
"3111","16775"
"3112","16775"
"3113","16775"
"3114","16775"
"3115","16775"
"3116","16775"
"3117","16775"
"3118","16775"
"3119","16775"
"3120","16775"
"3121","16775"
"3122","16775"
"3123","16775"
"3124","16775"
"3125","16775"
"3126","16775"
"3127","16775"
"3128","16775"
"3129","16775"
"3130","16775"
"3131","16792"
"3132","16792"
"3133","16792"
"3134","16792"
"3135","16792"
"3136","Postcode Not Found"
"3137","16775"
"3138","Postcode Not Found"
"3139","Postcode Not Found"
"3140","Postcode Not Found"
"3141","16775"
"3142","16775"
"3143","16775"
"3144","16775"
"3145","16775"
"3146","16775"
"3147","16775"
"3148","16775"
"3149","16775"
"3150","16775"
"3151","Postcode Not Found"
"3152","Postcode Not Found"
"3153","16775"
"3154","16775"
"3155","16775"
"3156","16775"
"3157","16775"
"3158","16775"
"3159","16775"
"3160","16775"
"3161","16775"
"3162","16798"
"3163","16798"
"3164","Postcode Not Found"
"3165","16798"
"3166","16798"
"3167","16798"
"3168","16798"
"3169","16798"
"3170","16798"
"3171","16775"
"3172","16775"
"3173","16798"
"3174","16775"
"3175","16727"
"3176","16798"
"3177","16798"
"3178","16798"
"3179","16798"
"3180","16789"
"3181","16789"
"3182","16798"
"3183","16798"
"3184","16798"
"3185","16798"
"3186","16775"
"3187","16775"
"3188","16775"
"3189","16775"
"3190","16775"
"3191","16775"
"3192","16775"
"3193","16775"
"3194","16775"
"3195","16775"
"3196","16775"
"3197","16775"
"3198","16775"
"3199","16835"
"3200","16775"
"3201","16775"
"3202","16775"
"3203","16798"
"3204","16798"
"3205","16792"
"3206","16792"
"3207","16792"
"3208","16792"
"3209","16792"
"3210","16792"
"3211","16798"
"3212","16798"
"3213","16798"
"3214","16798"
"3215","16798"
"3216","16798"
"3217","16792"
"3218","16775"
"3219","16775"
"3220","16775"
"3221","16775"
"3222","16775"
"3223","16727"
"3224","16727"
"3225","16727"
"3226","16515"
"3227","16515"
"3228","16559"
"3229","16559"
"3230","16559"
"3231","16515"
"3232","16775"
"3233","16766"
"3234","16792"
"3235","16792"
"3236","16515"
"3237","16792"
"3238","16766"
"3239","16515"
"3240","16515"
"3241","16515"
"3242","16775"
"3243","16792"
"3244","16559"
"3245","16559"
"3246","16792"
"3247","16775"
"3248","16798"
"3249","16775"
"3250","16775"
"3251","16761"
"3252","16727"
"3253","16792"
"3254","16792"
"3255","16792"
"3256","16792"
"3257","16792"
"3258","16792"
"3259","16792"
"3260","16792"
"3261","16792"
"3262","16792"
"3263","16792"
"3264","16792"
"3265","16792"
"3266","16775"
"3267","16775"
"3268","16792"
"3269","16792"
"3270","16775"
"3271","16775"
"3272","16775"
"3273","16798"
"3274","16775"
"3275","16775"
"3276","16775"
"3277","16792"
"3278","16775"
"3279","16792"
"3280","16792"
"3281","16792"
"3282","16792"
"3283","16792"
"3284","16792"
"3285","16792"
"3286","16792"
"3287","17268"
"3288","16792"
"3289","16792"
"3290","16792"
"3291","16792"
"3292","16792"
"3293","16792"
"3294","16792"
"3295","Postcode Not Found"
"3296","16792"
"3297","16792"
"3298","16792"
"3299","16792"
"3300","17268"
"3301","16775"
"3302","17268"
"3303","16775"
"3304","16775"
"3305","16775"
"3306","16775"
"3307","16775"
"3308","16775"
"3309","16775"
"3310","16798"
"3311","16798"
"3312","16798"
"3313","16798"
"3314","16798"
"3315","16798"
"3316","16798"
"3317","16798"
"3318","16798"
"3319","16798"
"3320","16792"
"3321","16792"
"3322","16792"
"3323","16792"
"3324","16798"
"3325","16775"
"3326","16559"
"3327","16775"
"3328","16775"
"3329","16775"
"3330","16775"
"3331","16727"
"3332","16727"
"3333","16727"
"3334","16727"
"3335","16727"
"3336","16727"
"3337","16515"
"3338","16775"
"3339","16792"
"3340","16775"
"3341","16816"
"3342","16816"
"3343","16835"
"3344","16818"
"3345","16818"
"3346","16833"
"3347","16833"
"3348","16833"
"3349","16833"
"3350","16833"
"3351","16833"
"3352","16833"
"3353","16833"
"3354","16833"
"3355","16833"
"3356","16909"
"3357","16909"
"3358","16909"
"3359","16837"
"3360","16827"
"3361","16827"
"3362","16827"
"3363","16827"
"3364","16827"
"3365","16818"
"3366","16845"
"3367","16909"
"3368","16868"
"3369","16868"
"3370","16835"
"3371","16835"
"3372","16845"
"3373","16845"
"3374","16837"
"3375","16816"
"3376","16816"
"3377","16816"
"3378","16816"
"3379","16909"
"3380","16909"
"3381","16866"
"3382","16866"
"3383","16833"
"3384","16909"
"3385","16909"
"3386","16818"
"3387","Postcode Not Found"
"3388","16845"
"3389","16866"
"3390","Postcode Not Found"
"3391","16909"
"3392","16866"
"3393","16818"
"3394","16845"
"3395","39539"
"3396","16845"
"3397","16845"
"3398","16845"
"3399","16833"
"3400","16833"
"3401","16845"
"3402","16816"
"3403","16816"
"3404","16831"
"3405","16909"
"3406","16818"
"3407","16845"
"3408","16818"
"3409","16818"
"3410","16818"
"3411","16818"
"3412","16818"
"3413","16833"
"3414","16845"
"3415","16845"
"3416","16818"
"3417","16835"
"3418","16837"
"3419","16909"
"3420","16909"
"3421","16909"
"3422","16845"
"3423","16845"
"3424","16845"
"3425","16845"
"3426","16909"
"3427","16845"
"3428","16909"
"3429","16837"
"3430","16818"
"3431","16833"
"3432","16909"
"3433","16909"
"3434","16909"
"3435","16909"
"3436","16909"
"3437","16909"
"3438","16866"
"3439","16845"
"3440","16845"
"3441","16845"
"3442","16845"
"3443","16845"
"3444","Postcode Not Found"
"3445","16818"
"3446","16845"
"3447","16909"
"3448","16818"
"3449","16818"
"3450","16818"
"3451","16909"
"3452","16831"
"3453","16831"
"3454","16831"
"3455","16835"
"3456","16818"
"3457","16909"
"3458","16833"
"3459","16845"
"3460","16909"
"3461","16909"
"3462","16837"
"3463","16831"
"3464","Postcode Not Found"
"3465","16835"
"3466","16835"
"3467","16835"
"3468","16909"
"3469","16835"
"3470","16845"
"3471","16866"
"3472","16909"
"3473","16909"
"3474","14662"
"3475","16845"
"3476","16837"
"3477","16837"
"3478","16837"
"3479","16845"
"3480","16845"
"3481","16909"
"3482","16909"
"3483","16818"
"3484","16833"
"3485","16833"
"3486","16818"
"3487","16818"
"3488","16835"
"3489","16845"
"3490","Postcode Not Found"
"3491","16831"
"3492","16831"
"3493","16835"
"3494","16866"
"3495","16909"
"3496","16909"
"3497","16831"
"3498","16845"
"3499","16866"
"3500","16845"
"3501","16818"
"3502","16827"
"3503","16845"
"3504","Postcode Not Found"
"3505","39539"
"3506","39539"
"3507","16816"
"3508","16833"
"3509","16909"
"3510","16818"
"3511","16866"
"3512","16866"
"3513","16866"
"3514","16866"
"3515","16866"
"3516","16866"
"3517","16866"
"3518","16866"
"3519","16868"
"3520","16868"
"3521","16818"
"3522","16818"
"3523","16845"
"3524","16833"
"3525","16833"
"3526","16818"
"3527","16835"
"3528","16835"
"3529","16835"
"3530","16835"
"3531","16835"
"3532","16835"
"3533","16831"
"3534","16831"
"3535","16845"
"3536","16845"
"3537","16845"
"3538","Postcode Not Found"
"3539","16837"
"3540","16845"
"3541","16845"
"3542","16845"
"3543","Postcode Not Found"
"3544","16866"
"3545","16845"
"3546","16845"
"3547","16845"
"3548","16831"
"3549","16827"
"3550","16845"
"3551","16845"
"3552","16818"
"3553","16818"
"3554","16909"
"3555","Postcode Not Found"
"3556","16818"
"3557","16837"
"3558","16845"
"3559","16845"
"3560","16827"
"3561","16816"
"3562","16816"
"3563","16816"
"3564","16816"
"3565","16816"
"3566","16816"
"3567","16816"
"3568","16816"
"3569","16816"
"3570","16816"
"3571","16816"
"3572","16816"
"3573","16816"
"3574","16816"
"3575","16816"
"3576","16816"
"3577","16816"
"3578","16816"
"3579","16816"
"3580","16816"
"3581","16816"
"3582","16827"
"3583","16816"
"3584","16816"
"3585","16816"
"3586","16816"
"3587","16816"
"3588","16816"
"3589","16816"
"3590","16816"
"3591","16816"
"3592","16816"
"3593","16816"
"3594","16816"
"3595","16816"
"3596","16816"
"3597","16816"
"3598","16845"
"3599","16845"
"3600","16845"
"3601","16845"
"3602","16909"
"3603","16945"
"3604","26332"
"3605","16816"
"3606","16833"
"3607","16818"
"3608","16909"
"3609","16909"
"3610","16818"
"3611","16845"
"3612","16831"
"3613","16833"
"3614","16833"
"3615","16818"
"3616","16818"
"3617","16818"
"3618","16818"
"3619","16818"
"3620","16909"
"3621","16909"
"3622","16866"
"3623","16818"
"3624","16831"
"3625","16831"
"3626","16831"
"3627","16831"
"3628","16831"
"3629","16831"
"3630","16818"
"3631","16845"
"3632","16845"
"3633","16909"
"3634","16909"
"3635","16866"
"3636","16835"
"3637","16833"
"3638","16909"
"3639","16909"
"3640","16909"
"3641","16868"
"3642","16835"
"3643","16835"
"3644","16845"
"3645","16845"
"3646","16831"
"3647","16909"
"3648","16909"
"3649","16866"
"3650","16835"
"3651","16835"
"3652","16818"
"3653","16845"
"3654","16833"
"3655","16909"
"3656","16909"
"3657","16909"
"3658","16909"
"3659","16845"
"3660","16845"
"3661","16818"
"3662","16833"
"3663","16833"
"3664","16818"
"3665","16818"
"3666","16835"
"3667","16845"
"3668","16845"
"3669","16845"
"3670","16833"
"3671","16833"
"3672","16866"
"3673","26332"
"3674","26332"
"3675","16866"
"3676","16868"
"3677","16868"
"3678","16845"
"3679","16835"
"3680","16845"
"3681","Postcode Not Found"
"3682","16909"
"3683","Postcode Not Found"
"3684","16818"
"3685","Postcode Not Found"
"3686","16818"
"3687","16833"
"3688","16837"
"3689","16818"
"3690","16818"
"3691","16818"
"3692","16818"
"3693","16909"
"3694","16909"
"3695","16845"
"3696","16845"
"3697","16866"
"3698","16909"
"3699","16909"
"3700","16909"
"3701","16909"
"3702","16909"
"3703","16909"
"3704","16909"
"3705","16909"
"3706","16909"
"3707","16909"
"3708","16909"
"3709","16909"
"3710","16909"
"3711","16909"
"3712","16909"
"3713","16909"
"3714","16909"
"3715","16909"
"3716","16909"
"3717","16909"
"3718","16909"
"3719","16909"
"3720","16909"
"3721","16909"
"3722","16909"
"3723","16909"
"3724","16909"
"3725","16909"
"3726","16909"
"3727","16909"
"3728","16909"
"3729","Postcode Not Found"
"3730","Postcode Not Found"
"3731","Postcode Not Found"
"3732","16868"
"3733","16835"
"3734","16835"
"3735","16868"
"3736","16868"
"3737","16868"
"3738","16868"
"3739","16868"
"3740","16818"
"3741","16818"
"3742","16818"
"3743","16816"
"3744","16909"
"3745","16831"
"3746","16831"
"3747","16831"
"3748","16909"
"3749","16827"
"3750","16845"
"3751","16845"
"3752","16845"
"3753","16818"
"3754","16909"
"3755","16831"
"3756","19336"
"3757","14641"
"3758","14641"
"3759","14641"
"3760","14641"
"3761","14624"
"3762","14612"
"3763","14612"
"3764","14656"
"3765","14641"
"3766","14641"
"3767","14641"
"3768","14656"
"3769","14656"
"3770","14656"
"3771","14656"
"3772","14656"
"3773","14656"
"3774","14656"
"3775","14656"
"3776","14656"
"3777","14656"
"3778","14656"
"3779","14612"
"3780","14612"
"3781","14612"
"3782","14612"
"3783","14612"
"3784","14612"
"3785","14612"
"3786","14612"
"3787","14612"
"3788","14612"
"3789","14612"
"3790","14612"
"3791","14612"
"3792","14612"
"3793","14624"
"3794","14612"
"3795","14612"
"3796","14612"
"3797","14612"
"3798","13589"
"3799","14612"
"3800","14612"
"3801","14612"
"3802","14612"
"3803","14612"
"3804","14612"
"3805","14624"
"3806","14612"
"3807","14612"
"3808","14612"
"3809","14612"
"3810","14612"
"3811","14612"
"3812","14612"
"3813","14612"
"3814","14612"
"3815","14612"
"3816","14612"
"3817","14612"
"3818","14612"
"3819","14612"
"3820","14612"
"3821","14612"
"3822","14612"
"3823","14612"
"3824","14612"
"3825","14612"
"3826","14612"
"3827","14612"
"3828","14612"
"3829","14612"
"3830","14612"
"3831","14612"
"3832","14612"
"3833","14612"
"3834","14612"
"3835","14612"
"3836","14612"
"3837","14621"
"3838","14621"
"3839","14621"
"3840","14621"
"3841","14621"
"3842","14621"
"3843","14621"
"3844","14621"
"3845","14621"
"3846","14621"
"3847","14621"
"3848","14621"
"3849","14621"
"3850","14621"
"3851","14621"
"3852","14612"
"3853","14641"
"3854","14641"
"3855","14641"
"3856","14641"
"3857","14641"
"3858","14641"
"3859","14641"
"3860","14641"
"3861","14641"
"3862","14641"
"3863","14641"
"3864","14641"
"3865","14641"
"3866","14641"
"3867","14641"
"3868","14641"
"3869","14641"
"3870","14641"
"3871","14641"
"3872","14641"
"3873","14641"
"3874","14641"
"3875","14641"
"3876","14641"
"3877","14641"
"3878","14641"
"3879","14641"
"3880","14641"
"3881","14641"
"3882","14641"
"3883","14641"
"3884","14641"
"3885","14641"
"3886","14641"
"3887","14641"
"3888","14641"
"3889","14641"
"3890","14641"
"3891","14641"
"3892","14641"
"3893","16818"
"3894","14641"
"3895","14641"
"3896","14641"
"3897","14641"
"3898","14641"
"3899","14641"
"3900","14641"
"3901","14641"
"3902","14641"
"3903","14641"
"3904","14641"
"3905","14641"
"3906","14641"
"3907","14641"
"3908","14641"
"3909","14641"
"3910","14641"
"3911","14641"
"3912","14641"
"3913","14641"
"3914","14641"
"3915","14641"
"3916","14641"
"3917","14662"
"3918","14662"
"3919","14662"
"3920","14662"
"3921","14662"
"3922","14662"
"3923","14662"
"3924","14662"
"3925","14662"
"3926","14662"
"3927","14662"
"3928","14662"
"3929","14662"
"3930","14662"
"3931","14662"
"3932","14662"
"3933","14662"
"3934","14662"
"3935","14662"
"3936","14662"
"3937","14662"
"3938","14662"
"3939","14662"
"3940","14662"
"3941","14662"
"3942","14662"
"3943","14662"
"3944","14662"
"3945","Postcode Not Found"
"3946","14728"
"3947","14728"
"3948","14641"
"3949","14641"
"3950","14641"
"3951","14641"
"3952","14669"
"3953","14669"
"3954","14669"
"3955","14669"
"3956","14669"
"3957","14669"
"3958","14669"
"3959","14669"
"3960","14669"
"3961","14669"
"3962","14669"
"3963","14669"
"3964","14669"
"3965","14669"
"3966","14669"
"3967","14669"
"3968","14669"
"3969","14669"
"3970","14669"
"3971","14669"
"3972","14669"
"3973","14669"
"3974","14669"
"3975","14669"
"3976","14669"
"3977","14669"
"3978","14669"
"3979","14641"
"3980","14641"
"3981","14641"
"3982","14641"
"3983","14641"
"3984","14641"
"3985","14641"
"3986","14656"
"3987","14656"
"3988","14656"
"3989","14656"
"3990","14641"
"3991","14641"
"3992","14641"
"3993","14641"
"3994","14641"
"3995","14641"
"3996","14641"
"3997","14641"
"3998","14624"
"3999","14624"
"4000","14624"
"4001","17291"
"4002","17291"
"4003","17291"
"4004","17291"
"4005","17291"
"4006","17291"
"4007","17291"
"4008","17291"
"4009","17291"
"4010","17291"
"4011","17291"
"4012","17291"
"4013","17291"
"4014","17291"
"4015","17291"
"4016","17291"
"4017","17291"
"4018","17337"
"4019","17337"
"4020","17337"
"4021","17337"
"4022","17337"
"4023","17337"
"4024","17337"
"4025","17337"
"4026","17348"
"4027","17348"
"4028","17348"
"4029","17348"
"4030","17348"
"4031","17291"
"4032","17291"
"4033","17291"
"4034","17291"
"4035","17291"
"4036","17291"
"4037","17291"
"4038","17291"
"4039","17291"
"4040","17291"
"4041","17291"
"4042","17291"
"4043","17291"
"4044","17291"
"4045","17291"
"4046","17291"
"4047","17291"
"4048","17291"
"4049","17291"
"4050","17291"
"4051","17291"
"4052","17291"
"4053","17291"
"4054","17291"
"4055","17291"
"4056","17291"
"4057","17291"
"4058","17291"
"4059","17291"
"4060","17291"
"4061","17291"
"4062","17291"
"4063","17291"
"4064","17291"
"4065","17291"
"4066","17291"
"4067","17291"
"4068","17337"
"4069","17337"
"4070","17337"
"4071","17337"
"4072","17337"
"4073","17337"
"4074","17337"
"4075","17337"
"4076","17337"
"4077","17337"
"4078","17337"
"4079","17337"
"4080","17337"
"4081","17337"
"4082","17337"
"4083","17337"
"4084","Postcode Not Found"
"4085","Postcode Not Found"
"4086","17337"
"4087","17337"
"4088","17337"
"4089","17337"
"4090","17309"
"4091","17309"
"4092","17309"
"4093","17309"
"4094","17291"
"4095","17337"
"4096","17337"
"4097","17337"
"4098","Postcode Not Found"
"4099","Postcode Not Found"
"4100","17337"
"4101","17337"
"4102","17337"
"4103","Postcode Not Found"
"4104","Postcode Not Found"
"4105","17337"
"4106","17337"
"4107","17337"
"4108","17337"
"4109","Postcode Not Found"
"4110","Postcode Not Found"
"4111","17337"
"4112","17337"
"4113","Postcode Not Found"
"4114","Postcode Not Found"
"4115","17335"
"4116","17335"
"4117","17335"
"4118","17335"
"4119","17335"
"4120","17335"
"4121","17335"
"4122","17335"
"4123","17335"
"4124","17291"
"4125","17291"
"4126","17291"
"4127","17291"
"4128","17291"
"4129","17291"
"4130","17291"
"4131","17291"
"4132","17291"
"4133","17291"
"4134","17291"
"4135","17291"
"4136","17291"
"4137","17291"
"4138","17291"
"4139","17291"
"4140","17291"
"4141","17291"
"4142","17291"
"4143","17291"
"4144","17291"
"4145","17291"
"4146","17291"
"4147","17291"
"4148","17291"
"4149","17291"
"4150","17291"
"4151","17291"
"4152","17291"
"4153","17291"
"4154","17291"
"4155","17291"
"4156","17291"
"4157","17291"
"4158","17291"
"4159","17291"
"4160","17291"
"4161","17291"
"4162","17291"
"4163","17291"
"4164","Postcode Not Found"
"4165","Postcode Not Found"
"4166","17291"
"4167","17291"
"4168","17291"
"4169","17291"
"4170","17291"
"4171","17291"
"4172","17291"
"4173","17291"
"4174","17291"
"4175","17291"
"4176","17291"
"4177","17291"
"4178","17291"
"4179","17291"
"4180","17291"
"4181","17291"
"4182","17291"
"4183","17291"
"4184","Postcode Not Found"
"4185","17291"
"4186","17291"
"4187","17291"
"4188","17291"
"4189","17291"
"4190","17291"
"4191","17291"
"4192","17291"
"4193","17291"
"4194","17291"
"4195","17291"
"4196","17291"
"4197","17291"
"4198","17291"
"4199","17291"
"4200","17291"
"4201","17291"
"4202","17291"
"4203","17291"
"4204","17291"
"4205","17291"
"4206","17291"
"4207","17291"
"4208","17291"
"4209","17291"
"4210","17291"
"4211","17291"
"4212","17291"
"4213","17291"
"4214","17291"
"4215","17291"
"4216","17291"
"4217","17291"
"4218","17291"
"4219","17291"
"4220","17291"
"4221","17291"
"4222","17291"
"4223","17291"
"4224","17291"
"4225","17291"
"4226","17291"
"4227","17291"
"4228","17291"
"4229","17291"
"4230","17291"
"4231","17291"
"4232","17291"
"4233","17335"
"4234","17335"
"4235","17291"
"4236","17291"
"4237","17291"
"4238","17291"
"4239","17291"
"4240","17291"
"4241","17291"
"4242","17291"
"4243","17291"
"4244","17291"
"4245","17291"
"4246","17291"
"4247","17291"
"4248","17291"
"4249","17291"
"4250","17291"
"4251","17309"
"4252","17291"
"4253","17291"
"4254","17291"
"4255","17291"
"4256","17291"
"4257","17291"
"4258","17291"
"4259","17291"
"4260","17291"
"4261","17291"
"4262","17291"
"4263","17291"
"4264","17291"
"4265","17291"
"4266","17291"
"4267","17291"
"4268","17291"
"4269","17291"
"4270","17291"
"4271","17291"
"4272","17291"
"4273","17291"
"4274","17291"
"4275","17291"
"4276","17291"
"4277","17291"
"4278","17291"
"4279","17291"
"4280","17326"
"4281","17326"
"4282","17326"
"4283","17326"
"4284","17326"
"4285","17326"
"4286","17326"
"4287","17326"
"4288","17326"
"4289","17322"
"4290","17321"
"4291","17321"
"4292","17321"
"4293","17321"
"4294","17321"
"4295","17291"
"4296","17321"
"4297","17326"
"4298","17326"
"4299","17326"
"4300","17326"
"4301","17326"
"4302","17291"
"4303","17291"
"4304","17326"
"4305","17291"
"4306","17291"
"4307","17291"
"4308","17291"
"4309","17291"
"4310","17291"
"4311","17291"
"4312","17291"
"4313","17291"
"4314","17291"
"4315","17291"
"4316","17291"
"4317","17291"
"4318","17291"
"4319","17291"
"4320","17291"
"4321","17291"
"4322","17291"
"4323","17291"
"4324","17291"
"4325","17291"
"4326","17291"
"4327","17291"
"4328","17291"
"4329","17291"
"4330","17291"
"4331","17326"
"4332","17326"
"4333","17326"
"4334","17326"
"4335","17326"
"4336","17326"
"4337","17322"
"4338","17322"
"4339","17326"
"4340","17326"
"4341","17326"
"4342","17326"
"4343","17326"
"4344","17326"
"4345","17326"
"4346","17326"
"4347","17326"
"4348","17326"
"4349","17326"
"4350","17326"
"4351","17326"
"4352","17326"
"4353","17326"
"4354","17291"
"4355","17291"
"4356","17291"
"4357","17291"
"4358","17291"
"4359","17291"
"4360","17291"
"4361","17291"
"4362","17291"
"4363","17291"
"4364","17291"
"4365","17291"
"4366","17291"
"4367","17291"
"4368","17291"
"4369","17291"
"4370","17291"
"4371","17291"
"4372","17291"
"4373","17291"
"4374","17291"
"4375","17291"
"4376","17291"
"4377","17291"
"4378","17291"
"4379","17291"
"4380","17291"
"4381","17291"
"4382","17291"
"4383","17291"
"4384","17291"
"4385","17291"
"4386","17291"
"4387","17291"
"4388","17291"
"4389","17291"
"4390","17291"
"4391","17291"
"4392","17291"
"4393","Postcode Not Found"
"4394","17291"
"4395","17291"
"4396","17291"
"4397","17291"
"4398","17291"
"4399","17291"
"4400","17291"
"4401","17291"
"4402","17291"
"4403","17291"
"4404","17291"
"4405","17291"
"4406","17291"
"4407","17291"
"4408","17291"
"4409","17291"
"4410","17291"
"4411","17291"
"4412","17291"
"4413","17291"
"4414","17291"
"4415","17291"
"4416","17291"
"4417","17291"
"4418","17291"
"4419","17291"
"4420","17291"
"4421","17291"
"4422","17291"
"4423","17291"
"4424","17291"
"4425","17291"
"4426","17291"
"4427","17291"
"4428","17291"
"4429","17291"
"4430","17291"
"4431","17291"
"4432","17291"
"4433","17291"
"4434","17291"
"4435","17291"
"4436","17291"
"4437","17291"
"4438","17291"
"4439","17291"
"4440","Postcode Not Found"
"4441","Postcode Not Found"
"4442","17291"
"4443","17291"
"4444","Postcode Not Found"
"4445","17291"
"4446","Postcode Not Found"
"4447","Postcode Not Found"
"4448","Postcode Not Found"
"4449","Postcode Not Found"
"4450","17291"
"4451","17291"
"4452","17291"
"4453","17291"
"4454","17291"
"4455","17291"
"4456","17291"
"4457","Postcode Not Found"
"4458","17291"
"4459","17291"
"4460","17291"
"4461","17291"
"4462","17291"
"4463","17291"
"4464","17291"
"4465","17291"
"4466","17291"
"4467","17291"
"4468","17291"
"4469","17291"
"4470","17291"
"4471","17291"
"4472","17291"
"4473","17291"
"4474","17291"
"4475","17291"
"4476","17291"
"4477","17291"
"4478","17291"
"4479","17291"
"4480","17291"
"4481","17291"
"4482","17291"
"4483","17291"
"4484","17291"
"4485","17291"
"4486","17291"
"4487","17291"
"4488","17291"
"4489","17291"
"4490","17291"
"4491","17291"
"4492","17291"
"4493","17291"
"4494","17291"
"4495","17291"
"4496","17291"
"4497","17291"
"4498","17291"
"4499","17291"
"4500","17291"
"4501","17291"
"4502","17291"
"4503","17291"
"4504","17291"
"4505","17291"
"4506","17291"
"4507","17291"
"4508","17291"
"4509","17291"
"4510","17291"
"4511","17291"
"4512","17291"
"4513","17291"
"4514","17291"
"4515","17291"
"4516","17291"
"4517","17291"
"4518","17291"
"4519","16225"
"4520","16225"
"4521","16225"
"4522","16225"
"4523","16225"
"4524","16230"
"4525","16230"
"4526","16230"
"4527","16230"
"4528","16230"
"4529","16230"
"4530","16230"
"4531","16230"
"4532","16248"
"4533","16248"
"4534","16248"
"4535","16248"
"4536","16248"
"4537","16248"
"4538","16248"
"4539","16248"
"4540","16248"
"4541","16248"
"4542","16248"
"4543","16248"
"4544","16248"
"4545","16248"
"4546","16248"
"4547","16248"
"4548","16248"
"4549","16248"
"4550","16248"
"4551","16248"
"4552","16259"
"4553","16248"
"4554","16248"
"4555","16303"
"4556","16303"
"4557","16303"
"4558","16303"
"4559","16303"
"4560","16303"
"4561","16303"
"4562","16303"
"4563","16303"
"4564","16303"
"4565","16303"
"4566","16303"
"4567","16303"
"4568","16303"
"4569","16303"
"4570","16303"
"4571","16303"
"4572","16303"
"4573","16303"
"4574","16303"
"4575","16303"
"4576","16303"
"4577","16303"
"4578","16303"
"4579","16303"
"4580","16303"
"4581","16303"
"4582","16303"
"4583","16303"
"4584","16303"
"4585","16303"
"4586","16303"
"4587","16303"
"4588","16303"
"4589","16303"
"4590","16303"
"4591","16303"
"4592","16303"
"4593","16303"
"4594","16303"
"4595","16303"
"4596","16303"
"4597","16303"
"4598","74-506"
"4599","74-506"
"4600","16303"
"4601","16303"
"4602","16303"
"4603","16303"
"4604","16303"
"4605","16303"
"4606","16303"
"4607","16303"
"4608","16303"
"4609","16278"
"4610","16278"
"4611","16278"
"4612","16303"
"4613","16303"
"4614","16303"
"4615","16303"
"4616","16303"
"4617","16303"
"4618","16278"
"4619","16278"
"4620","16278"
"4621","16278"
"4622","16278"
"4623","16278"
"4624","16278"
"4625","16278"
"4626","16278"
"4627","16278"
"4628","16278"
"4629","16278"
"4630","16278"
"4631","16278"
"4632","16278"
"4633","16278"
"4634","16278"
"4635","16278"
"4636","16278"
"4637","16278"
"4638","16278"
"4639","16278"
"4640","16278"
"4641","16278"
"4642","16278"
"4643","16278"
"4644","16278"
"4645","16278"
"4646","16278"
"4647","16278"
"4648","16278"
"4649","16278"
"4650","16278"
"4651","16278"
"4652","16278"
"4653","16278"
"4654","16278"
"4655","16278"
"4656","16278"
"4657","16278"
"4658","Postcode Not Found"
"4659","16303"
"4660","16303"
"4661","16303"
"4662","16303"
"4663","16303"
"4664","16303"
"4665","16303"
"4666","16303"
"4667","16303"
"4668","16303"
"4669","16303"
"4670","16303"
"4671","Postcode Not Found"
"4672","Postcode Not Found"
"4673","16278"
"4674","16278"
"4675","16303"
"4676","16303"
"4677","16278"
"4678","16278"
"4679","16278"
"4680","16278"
"4681","16278"
"4682","16278"
"4683","16278"
"4684","16278"
"4685","16278"
"4686","16278"
"4687","16303"
"4688","16303"
"4689","16303"
"4690","16303"
"4691","16303"
"4692","16303"
"4693","16303"
"4694","16303"
"4695","16303"
"4696","16303"
"4697","16303"
"4698","16303"
"4699","Postcode Not Found"
"4700","Postcode Not Found"
"4701","16278"
"4702","16278"
"4703","16278"
"4704","16278"
"4705","16278"
"4706","16278"
"4707","16278"
"4708","16278"
"4709","16278"
"4710","16278"
"4711","16278"
"4712","16278"
"4713","Postcode Not Found"
"4714","Postcode Not Found"
"4715","Postcode Not Found"
"4716","Postcode Not Found"
"4717","16278"
"4718","16278"
"4719","16278"
"4720","16278"
"4721","16278"
"4722","16278"
"4723","16278"
"4724","16278"
"4725","16278"
"4726","16278"
"4727","16278"
"4728","16278"
"4729","16278"
"4730","16278"
"4731","16278"
"4732","16278"
"4733","16278"
"4734","16303"
"4735","16303"
"4736","16303"
"4737","16278"
"4738","16278"
"4739","16278"
"4740","16303"
"4741","16303"
"4742","16303"
"4743","16303"
"4744","16303"
"4745","16303"
"4746","16278"
"4747","16278"
"4748","16303"
"4749","16303"
"4750","16303"
"4751","16303"
"4752","16303"
"4753","16303"
"4754","16306"
"4755","16306"
"4756","16303"
"4757","16303"
"4758","16303"
"4759","16303"
"4760","16306"
"4761","16306"
"4762","16306"
"4763","16306"
"4764","16306"
"4765","16306"
"4766","16306"
"4767","16306"
"4768","16306"
"4769","16306"
"4770","16306"
"4771","16306"
"4772","16306"
"4773","16306"
"4774","16303"
"4775","16303"
"4776","16278"
"4777","16278"
"4778","Postcode Not Found"
"4779","17291"
"4780","17291"
"4781","17291"
"4782","17291"
"4783","16278"
"4784","16278"
"4785","16278"
"4786","16278"
"4787","16278"
"4788","16278"
"4789","16278"
"4790","16278"
"4791","16278"
"4792","16278"
"4793","16278"
"4794","16278"
"4795","16278"
"4796","16278"
"4797","16278"
"4798","16278"
"4799","16278"
"4800","16278"
"4801","16278"
"4802","16278"
"4803","16278"
"4804","16278"
"4805","16278"
"4806","16278"
"4807","16278"
"4808","16278"
"4809","16303"
"4810","16303"
"4811","16278"
"4812","16278"
"4813","16306"
"4814","16303"
"4815","16303"
"4816","16303"
"4817","16303"
"4818","16303"
"4819","16303"
"4820","16303"
"4821","16303"
"4822","16303"
"4823","16303"
"4824","16303"
"4825","16303"
"4826","16303"
"4827","Postcode Not Found"
"4828","Postcode Not Found"
"4829","16303"
"4830","16303"
"4831","16303"
"4832","16303"
"4833","16306"
"4834","16306"
"4835","16306"
"4836","16306"
"4837","16306"
"4838","16306"
"4839","16303"
"4840","16303"
"4841","16303"
"4842","16307"
"4843","16307"
"4844","16278"
"4845","16278"
"4846","16278"
"4847","16278"
"4848","16278"
"4849","16278"
"4850","16303"
"4851","16303"
"4852","16303"
"4853","16303"
"4854","16278"
"4855","16278"
"4856","16278"
"4857","16306"
"4858","16306"
"4859","16306"
"4860","16306"
"4861","16306"
"4862","16306"
"4863","16306"
"4864","16306"
"4865","16306"
"4866","16306"
"4867","16306"
"4868","16306"
"4869","16306"
"4870","16278"
"4871","16278"
"4872","16278"
"4873","16306"
"4874","16306"
"4875","16303"
"4876","16303"
"4877","Postcode Not Found"
"4878","16307"
"4879","16307"
"4880","16307"
"4881","16307"
"4882","16307"
"4883","16307"
"4884","16303"
"4885","16303"
"4886","16307"
"4887","16307"
"4888","16307"
"4889","16307"
"4890","16307"
"4891","16307"
"4892","16307"
"4893","16307"
"4894","16307"
"4895","16307"
"4896","16307"
"4897","16307"
"4898","16307"
"4899","16307"
"4900","16307"
"4901","16307"
"4902","16303"
"4903","16303"
"4904","16303"
"4905","16303"
"4906","Postcode Not Found"
"4907","Postcode Not Found"
"4908","16303"
"4909","16303"
"4910","16278"
"4911","16307"
"4912","16307"
"4913","16307"
"4914","16307"
"4915","16307"
"4916","16307"
"4917","16307"
"4918","16307"
"4919","16307"
"4920","16307"
"4921","16307"
"4922","16307"
"4923","16307"
"4924","16307"
"4925","16307"
"4926","16307"
"4927","16307"
"4928","16307"
"4929","16307"
"4930","16307"
"4931","16307"
"4932","16307"
"4933","16307"
"4934","16306"
"4935","16278"
"4936","16278"
"4937","16307"
"4938","16303"
"4939","16303"
"4940","16278"
"4941","16278"
"4942","16303"
"4943","16303"
"4944","16307"
"4945","16307"
"4946","16307"
"4947","16307"
"4948","16307"
"4949","16307"
"4950","16306"
"4951","16306"
"4952","16306"
"4953","16306"
"4954","16306"
"4955","16306"
"4956","16306"
"4957","16306"
"4958","16306"
"4959","16306"
"4960","16306"
"4961","16306"
"4962","16306"
"4963","16306"
"4964","16306"
"4965","16306"
"4966","16306"
"4967","16306"
"4968","16306"
"4969","16306"
"4970","16306"
"4971","16306"
"4972","16306"
"4973","16306"
"4974","16306"
"4975","16303"
"4976","16303"
"4977","16303"
"4978","16303"
"4979","16303"
"4980","16303"
"4981","16303"
"4982","16307"
"4983","16278"
"4984","16278"
"4985","16278"
"4986","16278"
"4987","16278"
"4988","16278"
"4989","16278"
"4990","16278"
"4991","16278"
"4992","16278"
"4993","16278"
"4994","16278"
"4995","16278"
"4996","16278"
"4997","16278"
"4998","16278"
"4999","16278"
"5000","16278"
"5001","16278"
"5002","16278"
"5003","16278"
"5004","16278"
"5005","16278"
"5006","16278"
"5007","16278"
"5008","16278"
"5009","16278"
"5010","16278"
"5011","16278"
"5012","Postcode Not Found"
"5013","Postcode Not Found"
"5014","Postcode Not Found"
"5015","Postcode Not Found"
"5016","16306"
"5017","16306"
"5018","16307"
"5019","16307"
"5020","16307"
"5021","16307"
"5022","16307"
"5023","16307"
"5024","16307"
"5025","16307"
"5026","16307"
"5027","16307"
"5028","16278"
"5029","16307"
"5030","16307"
"5031","16278"
"5032","16278"
"5033","16278"
"5034","16278"
"5035","16278"
"5036","16278"
"5037","16278"
"5038","16278"
"5039","16278"
"5040","16278"
"5041","16247"
"5042","16278"
"5043","16278"
"5044","16278"
"5045","16278"
"5046","16278"
"5047","16278"
"5048","16303"
"5049","16278"
"5050","16278"
"5051","16278"
"5052","16278"
"5053","16278"
"5054","16278"
"5055","16278"
"5056","16278"
"5057","16278"
"5058","16278"
"5059","16278"
"5060","16278"
"5061","16278"
"5062","16278"
"5063","16278"
"5064","16278"
"5065","16303"
"5066","16303"
"5067","16303"
"5068","16303"
"5069","16278"
"5070","16278"
"5071","16278"
"5072","16306"
"5073","16306"
"5074","16306"
"5075","16306"
"5076","16306"
"5077","16306"
"5078","16278"
"5079","16278"
"5080","16307"
"5081","16307"
"5082","Postcode Not Found"
"5083","Postcode Not Found"
"5084","16306"
"5085","16306"
"5086","16306"
"5087","16306"
"5088","16278"
"5089","16278"
"5090","16278"
"5091","16278"
"5092","16306"
"5093","16306"
"5094","16303"
"5095","Postcode Not Found"
"5096","16278"
"5097","16278"
"5098","16278"
"5099","16278"
"5100","16278"
"5101","16278"
"5102","16303"
"5103","16303"
"5104","16303"
"5105","16303"
"5106","16306"
"5107","16306"
"5108","16278"
"5109","16306"
"5110","16306"
"5111","16303"
"5112","16303"
"5113","16278"
"5114","16278"
"5115","16303"
"5116","16303"
"5117","16278"
"5118","16278"
"5119","16303"
"5120","16303"
"5121","16303"
"5122","16303"
"5123","16278"
"5124","16278"
"5125","16306"
"5126","16306"
"5127","16303"
"5128","16278"
"5129","16278"
"5130","16278"
"5131","16278"
"5132","16278"
"5133","16278"
"5134","16278"
"5135","16278"
"5136","16303"
"5137","16303"
"5138","16278"
"5139","16278"
"5140","16278"
"5141","16278"
"5142","16303"
"5143","16303"
"5144","16303"
"5145","16303"
"5146","16303"
"5147","16303"
"5148","16306"
"5149","16306"
"5150","16306"
"5151","16306"
"5152","16303"
"5153","16303"
"5154","16306"
"5155","16303"
"5156","Postcode Not Found"
"5157","Postcode Not Found"
"5158","16303"
"5159","16303"
"5160","16278"
"5161","16278"
"5162","16278"
"5163","16278"
"5164","16278"
"5165","16278"
"5166","16278"
"5167","16278"
"5168","16303"
"5169","16303"
"5170","16306"
"5171","16306"
"5172","16306"
"5173","16306"
"5174","16278"
"5175","16278"
"5176","16278"
"5177","16278"
"5178","17291"
"5179","16278"
"5180","16303"
"5181","16303"
"5182","16303"
"5183","16303"
"5184","16303"
"5185","16303"
"5186","16303"
"5187","16303"
"5188","16303"
"5189","16303"
"5190","16303"
"5191","16303"
"5192","16303"
"5193","16303"
"5194","16303"
"5195","16303"
"5196","16303"
"5197","16303"
"5198","16303"
"5199","74-506"
"5200","74-506"
"5201","74-506"
"5202","16303"
"5203","16303"
"5204","16303"
"5205","16303"
"5206","16278"
"5207","16303"
"5208","16303"
"5209","16303"
"5210","16303"
"5211","16278"
"5212","16278"
"5213","16278"
"5214","16278"
"5215","16278"
"5216","16278"
"5217","16278"
"5218","16303"
"5219","16303"
"5220","16278"
"5221","16278"
"5222","16303"
"5223","16303"
"5224","16303"
"5225","16303"
"5226","16303"
"5227","16303"
"5228","16303"
"5229","16303"
"5230","16303"
"5231","16306"
"5232","16306"
"5233","16306"
"5234","16306"
"5235","16303"
"5236","16307"
"5237","16307"
"5238","16307"
"5239","16307"
"5240","16307"
"5241","16307"
"5242","16278"
"5243","16278"
"5244","16278"
"5245","16278"
"5246","16278"
"5247","16278"
"5248","16278"
"5249","16278"
"5250","16278"
"5251","16278"
"5252","16278"
"5253","16278"
"5254","16306"
"5255","16306"
"5256","16303"
"5257","16278"
"5258","16278"
"5259","16278"
"5260","16278"
"5261","16278"
"5262","16306"
"5263","16306"
"5264","16306"
"5265","16306"
"5266","16306"
"5267","16306"
"5268","16306"
"5269","16306"
"5270","16307"
"5271","16278"
"5272","16278"
"5273","16278"
"5274","17291"
"5275","17291"
"5276","17291"
"5277","15518"
"5278","15898"
"5279","16866"
"5280","12439"
"5281","19322"
"5282","19322"
"5283","19322"
"5284","16866"
"5285","16845"
"5286","16866"
"5287","16845"
"5288","03222"
"5289","15754"
"5290","15754"
"5291","14552"
"5292","14554"
"5293","14513"
"5294","14552"
"5295","14554"
"5296","14554"
"5297","14547"
"5298","14547"
"5299","14547"
"5300","10318"
"5301","10318"
"5302","10318"
"5303","04924"
"5304","04938"
"5305","14669"
"5306","10625"
"5307","15926"
"5308","15926"
"5309","15926"
"5310","14612"
"5311","14554"
"5312","13439"
"5313","13439"
"5314","13469"
"5315","13469"
"5316","16761"
"5317","16761"
"5318","16761"
"5319","16761"
"5320","14913"
"5321","16761"
"5322","16792"
"5323","16761"
"5324","16761"
"5325","16761"
"5326","16761"
"5327","16761"
"5328","16761"
"5329","03099"
"5330","01987"
"5331","14669"
"5332","14669"
"5333","14612"
"5334","13158"
"5335","16248"
"5336","16248"
"5337","12681"
"5338","14929"
"5339","14929"
"5340","14913"
"5341","14913"
"5342","14913"
"5343","14913"
"5344","14913"
"5345","14913"
"5346","14913"
"5347","14913"
"5348","14913"
"5349","14913"
"5350","14913"
"5351","14913"
"5352","14913"
"5353","14913"
"5354","14913"
"5355","13127"
"5356","16761"
"5357","16761"
"5358","15910"
"5359","15910"
"5360","15910"
"5361","15910"
"5362","15910"
"5363","15754"
"5364","15754"
"5365","03050"
"5366","03050"
"5367","03042"
"5368","14052"
"5369","10437"
"5370","14052"
"5371","16845"
"5372","16866"
"5373","16269"
"5374","15711"
"5375","15711"
"5376","15713"
"5377","15713"
"5378","15712"
"5379","15712"
"5380","Postcode Not Found"
"5381","16866"
"5382","16866"
"5383","16866"
"5384","16866"
"5385","16866"
"5386","16866"
"5387","14943"
"5388","14943"
"5389","12529"
"5390","10825"
"5391","10825"
"5392","16866"
"5393","16866"
"5394","03238"
"5395","03058"
"5396","12105"
"5397","12105"
"5398","12277"
"5399","12277"
"5400","12249"
"5401","12249"
"5402","12305"
"5403","12305"
"5404","12307"
"5405","12307"
"5406","14641"
"5407","14641"
"5408","15306"
"5409","15306"
"5410","16866"
"5411","16866"
"5412","16866"
"5413","16866"
"5414","16866"
"5415","16866"
"5416","16866"
"5417","15306"
"5418","10245"
"5419","04895"
"5420","10829"
"5421","16845"
"5422","16818"
"5423","03253"
"5424","03253"
"5425","03172"
"5426","03172"
"5427","03172"
"5428","16818"
"5429","16818"
"5430","15230"
"5431","15230"
"5432","16766"
"5433","14621"
"5434","14621"
"5435","14621"
"5436","16766"
"5437","16766"
"5438","12524"
"5439","12163"
"5440","03172"
"5441","03172"
"5442","03172"
"5443","03172"
"5444","03172"
"5445","17279"
"5446","14959"
"5447","17268"
"5448","17279"
"5449","17268"
"5450","17268"
"5451","12205"
"5452","10625"
"5453","10623"
"5454","13158"
"5455","14055"
"5456","16515"
"5457","15907"
"5458","15926"
"5459","15711"
"5460","15907"
"5461","15926"
"5462","15926"
"5463","15711"
"5464","15711"
"5465","16515"
"5466","16515"
"5467","03253"
"5468","04895"
"5469","04895"
"5470","04895"
"5471","04916"
"5472","04916"
"5473","04895"
"5474","04895"
"5475","15926"
"5476","15926"
"5477","12353"
"5478","12355"
"5479","14532"
"5480","14532"
"5481","14929"
"5482","14532"
"5483","14532"
"5484","14532"
"5485","14532"
"5486","14532"
"5487","16727"
"5488","15378"
"5489","15378"
"5490","01987"
"5491","01987"
"5492","03226"
"5493","13353"
"5494","13353"
"5495","12557"
"5496","12557"
"5497","12557"
"5498","12557"
"5499","12557"
"5500","12557"
"5501","12557"
"5502","12557"
"5503","12557"
"5504","12557"
"5505","12557"
"5506","12557"
"5507","16230"
"5508","16230"
"5509","14532"
"5510","14532"
"5511","14532"
"5512","17291"
"5513","10623"
"5514","10623"
"5515","14055"
"5516","14055"
"5517","13595"
"5518","13595"
"5519","14641"
"5520","14641"
"5521","14641"
"5522","14641"
"5523","15537"
"5524","15537"
"5525","15299"
"5526","15299"
"5527","15537"
"5528","17291"
"5529","17291"
"5530","72-001"
"5531","72-001"
"5532","15754"
"5533","Postcode Not Found"
"5534","12529"
"5535","15907"
"5536","15907"
"5537","15741"
"5538","15741"
"5539","12529"
"5540","12557"
"5541","12557"
"5542","12557"
"5543","12557"
"5544","12557"
"5545","12557"
"5546","12557"
"5547","12557"
"5548","12557"
"5549","12557"
"5550","12557"
"5551","12555"
"5552","15907"
"5553","15741"
"5554","19348"
"5555","19336"
"5556","12526"
"5557","12526"
"5558","14641"
"5559","14641"
"5560","14641"
"5561","14712"
"5562","14712"
"5563","14715"
"5564","14727"
"5565","14793"
"5566","14793"
"5567","14513"
"5568","14532"
"5569","14542"
"5570","10115"
"5571","16845"
"5572","03116"
"5573","03119"
"5574","03119"
"5575","03116"
"5576","03116"
"5577","03116"
"5578","01983"
"5579","03096"
"5580","16321"
"5581","16321"
"5582","16321"
"5583","16321"
"5584","16321"
"5585","15827"
"5586","15827"
"5587","16792"
"5588","16792"
"5589","13359"
"5590","14947"
"5591","13156"
"5592","13156"
"5593","14806"
"5594","14806"
"5595","14806"
"5596","14806"
"5597","14532"
"5598","14532"
"5599","12557"
"5600","12557"
"5601","15518"
"5602","15518"
"5603","12209"
"5604","15517"
"5605","16225"
"5606","16225"
"5607","14776"
"5608","14776"
"5609","14776"
"5610","14776"
"5611","14776"
"5612","14776"
"5613","14776"
"5614","14776"
"5615","14776"
"5616","14776"
"5617","14776"
"5618","14776"
"5619","14776"
"5620","14776"
"5621","12527"
"5622","12527"
"5623","12527"
"5624","12526"
"5625","12527"
"5626","12526"
"5627","14669"
"5628","03249"
"5629","14776"
"5630","15890"
"5631","15890"
"5632","15890"
"5633","15890"
"5634","15890"
"5635","15517"
"5636","15517"
"5637","15517"
"5638","16909"
"5639","Postcode Not Found"
"5640","16909"
"5641","Postcode Not Found"
"5642","16341"
"5643","14109"
"5644","14109"
"5645","14469"
"5646","14469"
"5647","14469"
"5648","14469"
"5649","14129"
"5650","14129"
"5651","14129"
"5652","14129"
"5653","14129"
"5654","14129"
"5655","14129"
"5656","14129"
"5657","14129"
"5658","14129"
"5659","14129"
"5660","14109"
"5661","14109"
"5662","14109"
"5663","14109"
"5664","14109"
"5665","14109"
"5666","14109"
"5667","14109"
"5668","14109"
"5669","14109"
"5670","14109"
"5671","14109"
"5672","14109"
"5673","14109"
"5674","14109"
"5675","14109"
"5676","14482"
"5677","14482"
"5678","14467"
"5679","14467"
"5680","14467"
"5681","14467"
"5682","14469"
"5683","14469"
"5684","14776"
"5685","14772"
"5686","14974"
"5687","14974"
"5688","14974"
"5689","14974"
"5690","14974"
"5691","14974"
"5692","14974"
"5693","15834"
"5694","02977"
"5695","02943"
"5696","02999"
"5697","02906"
"5698","02943"
"5699","16247"
"5700","16247"
"5701","10439"
"5702","15370"
"5703","02943"
"5704","04129"
"5705","02999"
"5706","02906"
"5707","02943"
"5708","16227"
"5709","03249"
"5710","03249"
"5711","16949"
"5712","19357"
"5713","19357"
"5714","15236"
"5715","Postcode Not Found"
"5716","39576"
"5717","39524"
"5718","39576"
"5719","16928"
"5720","14929"
"5721","14822"
"5722","12163"
"5723","10243"
"5724","12439"
"5725","16244"
"5726","16341"
"5727","16341"
"5728","16341"
"5729","16341"
"5730","16567"
"5731","16341"
"5732","16341"
"5733","15517"
"5734","15517"
"5735","15517"
"5736","15517"
"5737","15517"
"5738","15517"
"5739","15526"
"5740","15526"
